"unattempted","wrong","correct","partCorrect1m","partCorrect2m","partCorrect3m","subject","paper","year","qaNum","qaType","markScheme","right","tot","wOtot","uOtot","cOtot","rOtot","not.rOtot"
38510,51117,56556,8975,0,0,"physics","1","2018",1,"MultCorrAns","-201234",58800,155158,0.329,0.248,0.365,0.379,0.621
42122,64996,25284,22756,0,0,"physics","1","2018",2,"MultCorrAns","-201234",30973,155158,0.419,0.271,0.163,0.2,0.8
38242,69095,30124,17697,0,0,"physics","1","2018",3,"MultCorrAns","-201234",34548,155158,0.445,0.246,0.194,0.223,0.777
78136,50125,17372,9525,0,0,"physics","1","2018",4,"MultCorrAns","-201234",19753,155158,0.323,0.504,0.112,0.127,0.873
52714,29914,13477,27122,31931,0,"physics","1","2018",5,"MultCorrAns","-201234",36223,155158,0.193,0.34,0.087,0.233,0.767
17632,25057,48285,24786,39398,0,"physics","1","2018",6,"MultCorrAns","-201234",74181,155158,0.161,0.114,0.311,0.478,0.522
22879,77084,55195,NA,NA,NA,"physics","1","2018",7,"NumAns","+03",55195,155158,0.497,0.147,0.356,0.356,0.644
36133,104174,14851,NA,NA,NA,"physics","1","2018",8,"NumAns","+03",14851,155158,0.671,0.233,0.096,0.096,0.904
37834,110251,7073,NA,NA,NA,"physics","1","2018",9,"NumAns","+03",7073,155158,0.711,0.244,0.046,0.046,0.954
29613,91112,34433,NA,NA,NA,"physics","1","2018",10,"NumAns","+03",34433,155158,0.587,0.191,0.222,0.222,0.778
30701,105067,19390,NA,NA,NA,"physics","1","2018",11,"NumAns","+03",19390,155158,0.677,0.198,0.125,0.125,0.875
34831,98594,21733,NA,NA,NA,"physics","1","2018",12,"NumAns","+03",21733,155158,0.635,0.224,0.14,0.14,0.86
35553,113309,6296,NA,NA,NA,"physics","1","2018",13,"NumAns","+03",6296,155158,0.73,0.229,0.041,0.041,0.959
21416,76073,57669,NA,NA,NA,"physics","1","2018",14,"NumAns","+03",57669,155158,0.49,0.138,0.372,0.372,0.628
18898,36431,99829,NA,NA,NA,"physics","1","2018",15,"ParaSingleAns","-103",99829,155158,0.235,0.122,0.643,0.643,0.357
20822,47480,86856,NA,NA,NA,"physics","1","2018",16,"ParaSingleAns","-103",86856,155158,0.306,0.134,0.56,0.56,0.44
48865,52457,53836,NA,NA,NA,"physics","1","2018",17,"ParaSingleAns","-103",53836,155158,0.338,0.315,0.347,0.347,0.653
75080,59412,20666,NA,NA,NA,"physics","1","2018",18,"ParaSingleAns","-103",20666,155158,0.383,0.484,0.133,0.133,0.867
23103,42192,13179,30428,46256,0,"physics","2","2018",1,"MultCorrAns","-201234",43914,155158,0.272,0.149,0.085,0.283,0.717
57037,25385,14951,25792,31993,0,"physics","2","2018",2,"MultCorrAns","-201234",37395,155158,0.164,0.368,0.096,0.241,0.759
46624,54936,24630,28968,0,0,"physics","2","2018",3,"MultCorrAns","-201234",31872,155158,0.354,0.3,0.159,0.205,0.795
41550,94863,18745,0,0,0,"physics","2","2018",4,"MultCorrAns","-201234",18745,155158,0.611,0.268,0.121,0.121,0.879
19156,37621,89054,9327,0,0,"physics","2","2018",5,"MultCorrAns","-201234",91386,155158,0.242,0.123,0.574,0.589,0.411
68078,32762,32050,16933,5335,0,"physics","2","2018",6,"MultCorrAns","-201234",38951,155158,0.211,0.439,0.207,0.251,0.749
25888,117742,11528,NA,NA,NA,"physics","2","2018",7,"NumAns","+03",11528,155158,0.759,0.167,0.074,0.074,0.926
14067,91549,49542,NA,NA,NA,"physics","2","2018",8,"NumAns","+03",49542,155158,0.59,0.091,0.319,0.319,0.681
25603,114596,14959,NA,NA,NA,"physics","2","2018",9,"NumAns","+03",14959,155158,0.739,0.165,0.096,0.096,0.904
31719,98488,24951,NA,NA,NA,"physics","2","2018",10,"NumAns","+03",24951,155158,0.635,0.204,0.161,0.161,0.839
41427,98072,15659,NA,NA,NA,"physics","2","2018",11,"NumAns","+03",15659,155158,0.632,0.267,0.101,0.101,0.899
21240,102887,31031,NA,NA,NA,"physics","2","2018",12,"NumAns","+03",31031,155158,0.663,0.137,0.2,0.2,0.8
39325,109208,6625,NA,NA,NA,"physics","2","2018",13,"NumAns","+03",6625,155158,0.704,0.253,0.043,0.043,0.957
14553,76004,64601,NA,NA,NA,"physics","2","2018",14,"NumAns","+03",64601,155158,0.49,0.094,0.416,0.416,0.584
25405,85703,44050,NA,NA,NA,"physics","2","2018",15,"TwoListMatchSingleAns","-103",44050,155158,0.552,0.164,0.284,0.284,0.716
24055,47627,83476,NA,NA,NA,"physics","2","2018",16,"TwoListMatchSingleAns","-103",83476,155158,0.307,0.155,0.538,0.538,0.462
12847,41047,101264,NA,NA,NA,"physics","2","2018",17,"TwoListMatchSingleAns","-103",101264,155158,0.265,0.083,0.653,0.653,0.347
59252,53505,42401,NA,NA,NA,"physics","2","2018",18,"TwoListMatchSingleAns","-103",42401,155158,0.345,0.382,0.273,0.273,0.727
19687,80389,34643,20439,0,0,"chemistry","1","2018",1,"MultCorrAns","-201234",39753,155158,0.518,0.127,0.223,0.256,0.744
40526,73623,14757,26252,0,0,"chemistry","1","2018",2,"MultCorrAns","-201234",21320,155158,0.475,0.261,0.095,0.137,0.863
10905,53609,24171,19756,46717,0,"chemistry","1","2018",3,"MultCorrAns","-201234",52469,155158,0.346,0.07,0.156,0.338,0.662
76712,65981,12465,0,0,0,"chemistry","1","2018",4,"MultCorrAns","-201234",12465,155158,0.425,0.494,0.08,0.08,0.92
16985,55012,6385,34206,42570,0,"chemistry","1","2018",5,"MultCorrAns","-201234",36221,155158,0.355,0.109,0.041,0.233,0.767
63016,50026,12447,29669,0,0,"chemistry","1","2018",6,"MultCorrAns","-201234",19864,155158,0.322,0.406,0.08,0.128,0.872
15300,129374,10484,NA,NA,NA,"chemistry","1","2018",7,"NumAns","+03",10484,155158,0.834,0.099,0.068,0.068,0.932
49315,104377,1466,NA,NA,NA,"chemistry","1","2018",8,"NumAns","+03",1466,155158,0.673,0.318,0.009,0.009,0.991
21750,95534,37874,NA,NA,NA,"chemistry","1","2018",9,"NumAns","+03",37874,155158,0.616,0.14,0.244,0.244,0.756
26037,92524,36597,NA,NA,NA,"chemistry","1","2018",10,"NumAns","+03",36597,155158,0.596,0.168,0.236,0.236,0.764
32640,110155,12363,NA,NA,NA,"chemistry","1","2018",11,"NumAns","+03",12363,155158,0.71,0.21,0.08,0.08,0.92
22910,90911,41337,NA,NA,NA,"chemistry","1","2018",12,"NumAns","+03",41337,155158,0.586,0.148,0.266,0.266,0.734
32951,120822,1385,NA,NA,NA,"chemistry","1","2018",13,"NumAns","+03",1385,155158,0.779,0.212,0.009,0.009,0.991
32749,114524,7885,NA,NA,NA,"chemistry","1","2018",14,"NumAns","+03",7885,155158,0.738,0.211,0.051,0.051,0.949
72144,72953,10061,NA,NA,NA,"chemistry","1","2018",15,"ParaSingleAns","-103",10061,155158,0.47,0.465,0.065,0.065,0.935
64129,65847,25182,NA,NA,NA,"chemistry","1","2018",16,"ParaSingleAns","-103",25182,155158,0.424,0.413,0.162,0.162,0.838
86837,42117,26204,NA,NA,NA,"chemistry","1","2018",17,"ParaSingleAns","-103",26204,155158,0.271,0.56,0.169,0.169,0.831
78913,53736,22509,NA,NA,NA,"chemistry","1","2018",18,"ParaSingleAns","-103",22509,155158,0.346,0.509,0.145,0.145,0.855
24984,63731,9511,23415,33517,0,"chemistry","2","2018",1,"MultCorrAns","-201234",32123,155158,0.411,0.161,0.061,0.207,0.793
40757,67402,17444,29555,0,0,"chemistry","2","2018",2,"MultCorrAns","-201234",24833,155158,0.434,0.263,0.112,0.16,0.84
70340,60836,23982,0,0,0,"chemistry","2","2018",3,"MultCorrAns","-201234",23982,155158,0.392,0.453,0.155,0.155,0.845
47112,81569,26477,0,0,0,"chemistry","2","2018",4,"MultCorrAns","-201234",26477,155158,0.526,0.304,0.171,0.171,0.829
48989,50020,20700,35449,0,0,"chemistry","2","2018",5,"MultCorrAns","-201234",29562,155158,0.322,0.316,0.133,0.191,0.809
78142,49487,15945,11584,0,0,"chemistry","2","2018",6,"MultCorrAns","-201234",18841,155158,0.319,0.504,0.103,0.121,0.879
9878,66700,78580,NA,NA,NA,"chemistry","2","2018",7,"NumAns","+03",78580,155158,0.43,0.064,0.506,0.506,0.494
29787,111554,13817,NA,NA,NA,"chemistry","2","2018",8,"NumAns","+03",13817,155158,0.719,0.192,0.089,0.089,0.911
43983,96399,14776,NA,NA,NA,"chemistry","2","2018",9,"NumAns","+03",14776,155158,0.621,0.283,0.095,0.095,0.905
17229,131704,6225,NA,NA,NA,"chemistry","2","2018",10,"NumAns","+03",6225,155158,0.849,0.111,0.04,0.04,0.96
32013,111869,11276,NA,NA,NA,"chemistry","2","2018",11,"NumAns","+03",11276,155158,0.721,0.206,0.073,0.073,0.927
51399,103343,416,NA,NA,NA,"chemistry","2","2018",12,"NumAns","+03",416,155158,0.666,0.331,0.003,0.003,0.997
38171,108504,8483,NA,NA,NA,"chemistry","2","2018",13,"NumAns","+03",8483,155158,0.699,0.246,0.055,0.055,0.945
35886,114884,4388,NA,NA,NA,"chemistry","2","2018",14,"NumAns","+03",4388,155158,0.74,0.231,0.028,0.028,0.972
13252,65337,76569,NA,NA,NA,"chemistry","2","2018",15,"TwoListMatchSingleAns","-103",76569,155158,0.421,0.085,0.493,0.493,0.507
59322,53242,42594,NA,NA,NA,"chemistry","2","2018",16,"TwoListMatchSingleAns","-103",42594,155158,0.343,0.382,0.275,0.275,0.725
21356,85651,48151,NA,NA,NA,"chemistry","2","2018",17,"TwoListMatchSingleAns","-103",48151,155158,0.552,0.138,0.31,0.31,0.69
77089,60237,17832,NA,NA,NA,"chemistry","2","2018",18,"TwoListMatchSingleAns","-103",17832,155158,0.388,0.497,0.115,0.115,0.885
55750,44521,2833,31257,20797,0,"maths","1","2018",1,"MultCorrAns","-201234",21046,155158,0.287,0.359,0.018,0.136,0.864
38634,18027,25911,36873,35713,0,"maths","1","2018",2,"MultCorrAns","-201234",52986,155158,0.116,0.249,0.167,0.341,0.659
33240,49117,30209,42592,0,0,"maths","1","2018",3,"MultCorrAns","-201234",40857,155158,0.317,0.214,0.195,0.263,0.737
95739,22849,3205,20354,13011,0,"maths","1","2018",4,"MultCorrAns","-201234",14799,155158,0.147,0.617,0.021,0.095,0.905
89898,46703,9662,8895,0,0,"maths","1","2018",5,"MultCorrAns","-201234",11886,155158,0.301,0.579,0.062,0.077,0.923
95932,36708,10992,11526,0,0,"maths","1","2018",6,"MultCorrAns","-201234",13874,155158,0.237,0.618,0.071,0.089,0.911
28821,86459,39878,NA,NA,NA,"maths","1","2018",7,"NumAns","+03",39878,155158,0.557,0.186,0.257,0.257,0.743
16999,100592,37567,NA,NA,NA,"maths","1","2018",8,"NumAns","+03",37567,155158,0.648,0.11,0.242,0.242,0.758
22507,125020,7631,NA,NA,NA,"maths","1","2018",9,"NumAns","+03",7631,155158,0.806,0.145,0.049,0.049,0.951
36196,89436,29526,NA,NA,NA,"maths","1","2018",10,"NumAns","+03",29526,155158,0.576,0.233,0.19,0.19,0.81
25459,77924,51775,NA,NA,NA,"maths","1","2018",11,"NumAns","+03",51775,155158,0.502,0.164,0.334,0.334,0.666
21738,110919,22501,NA,NA,NA,"maths","1","2018",12,"NumAns","+03",22501,155158,0.715,0.14,0.145,0.145,0.855
33942,96439,24777,NA,NA,NA,"maths","1","2018",13,"NumAns","+03",24777,155158,0.622,0.219,0.16,0.16,0.84
22942,86683,45533,NA,NA,NA,"maths","1","2018",14,"NumAns","+03",45533,155158,0.559,0.148,0.293,0.293,0.707
61549,53298,40311,NA,NA,NA,"maths","1","2018",15,"ParaSingleAns","-103",40311,155158,0.344,0.397,0.26,0.26,0.74
44832,59114,51212,NA,NA,NA,"maths","1","2018",16,"ParaSingleAns","-103",51212,155158,0.381,0.289,0.33,0.33,0.67
61124,57133,36901,NA,NA,NA,"maths","1","2018",17,"ParaSingleAns","-103",36901,155158,0.368,0.394,0.238,0.238,0.762
84479,51617,19062,NA,NA,NA,"maths","1","2018",18,"ParaSingleAns","-103",19062,155158,0.333,0.544,0.123,0.123,0.877
80560,60344,14254,0,0,0,"maths","2","2018",1,"MultCorrAns","-201234",14254,155158,0.389,0.519,0.092,0.092,0.908
112673,33585,1662,7238,0,0,"maths","2","2018",2,"MultCorrAns","-201234",3472,155158,0.216,0.726,0.011,0.022,0.978
74108,56910,13513,10627,0,0,"maths","2","2018",3,"MultCorrAns","-201234",16170,155158,0.367,0.478,0.087,0.104,0.896
64297,31720,33227,25914,0,0,"maths","2","2018",4,"MultCorrAns","-201234",39705,155158,0.204,0.414,0.214,0.256,0.744
87526,41941,1834,15053,8804,0,"maths","2","2018",5,"MultCorrAns","-201234",9999,155158,0.27,0.564,0.012,0.064,0.936
78118,23294,4575,26357,22814,0,"maths","2","2018",6,"MultCorrAns","-201234",22571,155158,0.15,0.503,0.029,0.145,0.855
39152,91366,24640,NA,NA,NA,"maths","2","2018",7,"NumAns","+03",24640,155158,0.589,0.252,0.159,0.159,0.841
10626,100075,44457,NA,NA,NA,"maths","2","2018",8,"NumAns","+03",44457,155158,0.645,0.068,0.287,0.287,0.713
30505,123303,1350,NA,NA,NA,"maths","2","2018",9,"NumAns","+03",1350,155158,0.795,0.197,0.009,0.009,0.991
21221,100349,33588,NA,NA,NA,"maths","2","2018",10,"NumAns","+03",33588,155158,0.647,0.137,0.216,0.216,0.784
27838,94251,33069,NA,NA,NA,"maths","2","2018",11,"NumAns","+03",33069,155158,0.607,0.179,0.213,0.213,0.787
37200,100743,17215,NA,NA,NA,"maths","2","2018",12,"NumAns","+03",17215,155158,0.649,0.24,0.111,0.111,0.889
29312,103176,22670,NA,NA,NA,"maths","2","2018",13,"NumAns","+03",22670,155158,0.665,0.189,0.146,0.146,0.854
30628,112130,12400,NA,NA,NA,"maths","2","2018",14,"NumAns","+03",12400,155158,0.723,0.197,0.08,0.08,0.92
46680,65685,42793,NA,NA,NA,"maths","2","2018",15,"TwoListMatchSingleAns","-103",42793,155158,0.423,0.301,0.276,0.276,0.724
24055,38322,92781,NA,NA,NA,"maths","2","2018",16,"TwoListMatchSingleAns","-103",92781,155158,0.247,0.155,0.598,0.598,0.402
48100,34382,72676,NA,NA,NA,"maths","2","2018",17,"TwoListMatchSingleAns","-103",72676,155158,0.222,0.31,0.468,0.468,0.532
41378,74729,39051,NA,NA,NA,"maths","2","2018",18,"TwoListMatchSingleAns","-103",39051,155158,0.482,0.267,0.252,0.252,0.748
98477,16993,2642,24470,16958,0,"physics","1","2017",1,"MultCorrAns","-201234",17238,159540,0.107,0.617,0.017,0.108,0.892
84487,34538,15346,25169,0,0,"physics","1","2017",2,"MultCorrAns","-201234",21638,159540,0.216,0.53,0.096,0.136,0.864
72141,65154,6034,16211,0,0,"physics","1","2017",3,"MultCorrAns","-201234",10087,159540,0.408,0.452,0.038,0.063,0.937
83671,56345,19524,0,0,0,"physics","1","2017",4,"MultCorrAns","-201234",19524,159540,0.353,0.524,0.122,0.122,0.878
61327,61491,15135,21587,0,0,"physics","1","2017",5,"MultCorrAns","-201234",20532,159540,0.385,0.384,0.095,0.129,0.871
56454,32775,37231,33080,0,0,"physics","1","2017",6,"MultCorrAns","-201234",45501,159540,0.205,0.354,0.233,0.285,0.715
57955,22888,9499,32099,37099,0,"physics","1","2017",7,"MultCorrAns","-201234",36073,159540,0.143,0.363,0.06,0.226,0.774
7996,115450,36094,NA,NA,NA,"physics","1","2017",8,"SingDigitInteger","+03",36094,159540,0.724,0.05,0.226,0.226,0.774
5511,81444,72585,NA,NA,NA,"physics","1","2017",9,"SingDigitInteger","+03",72585,159540,0.51,0.035,0.455,0.455,0.545
9365,103014,47161,NA,NA,NA,"physics","1","2017",10,"SingDigitInteger","+03",47161,159540,0.646,0.059,0.296,0.296,0.704
8867,113387,37286,NA,NA,NA,"physics","1","2017",11,"SingDigitInteger","+03",37286,159540,0.711,0.056,0.234,0.234,0.766
14271,110692,34577,NA,NA,NA,"physics","1","2017",12,"SingDigitInteger","+03",34577,159540,0.694,0.089,0.217,0.217,0.783
43527,54492,61521,NA,NA,NA,"physics","1","2017",13,"SingCorrAns","-103",61521,159540,0.342,0.273,0.386,0.386,0.614
51952,48662,58926,NA,NA,NA,"physics","1","2017",14,"SingCorrAns","-103",58926,159540,0.305,0.326,0.369,0.369,0.631
45892,50737,62911,NA,NA,NA,"physics","1","2017",15,"SingCorrAns","-103",62911,159540,0.318,0.288,0.394,0.394,0.606
28823,31282,99435,NA,NA,NA,"physics","1","2017",16,"SingCorrAns","-103",99435,159540,0.196,0.181,0.623,0.623,0.377
22167,32636,104737,NA,NA,NA,"physics","1","2017",17,"SingCorrAns","-103",104737,159540,0.205,0.139,0.656,0.656,0.344
43924,26500,89116,NA,NA,NA,"physics","1","2017",18,"SingCorrAns","-103",89116,159540,0.166,0.275,0.559,0.559,0.441
67594,49229,42717,NA,NA,NA,"physics","2","2017",1,"SingCorrAns","-103",42717,159540,0.309,0.424,0.268,0.268,0.732
82616,40954,35970,NA,NA,NA,"physics","2","2017",2,"SingCorrAns","-103",35970,159540,0.257,0.518,0.225,0.225,0.775
69421,63795,26324,NA,NA,NA,"physics","2","2017",3,"SingCorrAns","-103",26324,159540,0.4,0.435,0.165,0.165,0.835
65216,52388,41936,NA,NA,NA,"physics","2","2017",4,"SingCorrAns","-103",41936,159540,0.328,0.409,0.263,0.263,0.737
58696,27253,73591,NA,NA,NA,"physics","2","2017",5,"SingCorrAns","-103",73591,159540,0.171,0.368,0.461,0.461,0.539
69570,41933,48037,NA,NA,NA,"physics","2","2017",6,"SingCorrAns","-103",48037,159540,0.263,0.436,0.301,0.301,0.699
67138,63818,28584,NA,NA,NA,"physics","2","2017",7,"SingCorrAns","-103",28584,159540,0.4,0.421,0.179,0.179,0.821
81061,29806,20378,28295,0,0,"physics","2","2017",8,"MultCorrAns","-201234",27452,159540,0.187,0.508,0.128,0.172,0.828
81055,53069,6242,19174,0,0,"physics","2","2017",9,"MultCorrAns","-201234",11036,159540,0.333,0.508,0.039,0.069,0.931
52584,57280,13140,36536,0,0,"physics","2","2017",10,"MultCorrAns","-201234",22274,159540,0.359,0.33,0.082,0.14,0.86
77391,51185,12742,18222,0,0,"physics","2","2017",11,"MultCorrAns","-201234",17298,159540,0.321,0.485,0.08,0.108,0.892
55143,47030,20654,14167,22546,0,"physics","2","2017",12,"MultCorrAns","-201234",35469,159540,0.295,0.346,0.129,0.222,0.778
44912,47467,15556,26506,25099,0,"physics","2","2017",13,"MultCorrAns","-201234",34732,159540,0.298,0.282,0.098,0.218,0.782
62894,54745,32921,8980,0,0,"physics","2","2017",14,"MultCorrAns","-201234",35166,159540,0.343,0.394,0.206,0.22,0.78
3907,104551,51082,NA,NA,NA,"physics","2","2017",15,"Compr","+03",51082,159540,0.655,0.024,0.32,0.32,0.68
4955,98242,56343,NA,NA,NA,"physics","2","2017",16,"Compr","+03",56343,159540,0.616,0.031,0.353,0.353,0.647
6098,113914,39528,NA,NA,NA,"physics","2","2017",18,"Compr","+03",39528,159540,0.714,0.038,0.248,0.248,0.752
62339,43678,4769,27263,21491,0,"chemistry","1","2017",1,"MultCorrAns","-201234",22330,159540,0.274,0.391,0.03,0.14,0.86
63895,32715,28827,34103,0,0,"chemistry","1","2017",2,"MultCorrAns","-201234",37353,159540,0.205,0.4,0.181,0.234,0.766
26968,16427,27459,34258,54428,0,"chemistry","1","2017",3,"MultCorrAns","-201234",63237,159540,0.103,0.169,0.172,0.396,0.604
67146,65590,7832,18972,0,0,"chemistry","1","2017",4,"MultCorrAns","-201234",12575,159540,0.411,0.421,0.049,0.079,0.921
97730,20500,1575,27562,12173,0,"chemistry","1","2017",5,"MultCorrAns","-201234",14552,159540,0.128,0.613,0.01,0.091,0.909
10708,80777,29668,38387,0,0,"chemistry","1","2017",6,"MultCorrAns","-201234",39265,159540,0.506,0.067,0.186,0.246,0.754
60977,54522,20551,23490,0,0,"chemistry","1","2017",7,"MultCorrAns","-201234",26423,159540,0.342,0.382,0.129,0.166,0.834
5343,75652,78545,NA,NA,NA,"chemistry","1","2017",8,"SingDigitInteger","+03",78545,159540,0.474,0.033,0.492,0.492,0.508
11921,122221,25398,NA,NA,NA,"chemistry","1","2017",9,"SingDigitInteger","+03",25398,159540,0.766,0.075,0.159,0.159,0.841
5741,102243,51556,NA,NA,NA,"chemistry","1","2017",10,"SingDigitInteger","+03",51556,159540,0.641,0.036,0.323,0.323,0.677
2462,123738,33340,NA,NA,NA,"chemistry","1","2017",12,"SingDigitInteger","+03",33340,159540,0.776,0.015,0.209,0.209,0.791
65428,48492,45620,NA,NA,NA,"chemistry","1","2017",13,"SingCorrAns","-103",45620,159540,0.304,0.41,0.286,0.286,0.714
60307,48157,51076,NA,NA,NA,"chemistry","1","2017",14,"SingCorrAns","-103",51076,159540,0.302,0.378,0.32,0.32,0.68
68246,64664,26630,NA,NA,NA,"chemistry","1","2017",15,"SingCorrAns","-103",26630,159540,0.405,0.428,0.167,0.167,0.833
38403,79599,41538,NA,NA,NA,"chemistry","1","2017",16,"SingCorrAns","-103",41538,159540,0.499,0.241,0.26,0.26,0.74
53611,65439,40490,NA,NA,NA,"chemistry","1","2017",17,"SingCorrAns","-103",40490,159540,0.41,0.336,0.254,0.254,0.746
36395,27919,95226,NA,NA,NA,"chemistry","1","2017",18,"SingCorrAns","-103",95226,159540,0.175,0.228,0.597,0.597,0.403
39872,51078,68590,NA,NA,NA,"chemistry","2","2017",1,"SingCorrAns","-103",68590,159540,0.32,0.25,0.43,0.43,0.57
32002,50654,76884,NA,NA,NA,"chemistry","2","2017",2,"SingCorrAns","-103",76884,159540,0.318,0.201,0.482,0.482,0.518
108054,27305,24181,NA,NA,NA,"chemistry","2","2017",3,"SingCorrAns","-103",24181,159540,0.171,0.677,0.152,0.152,0.848
32770,65234,61536,NA,NA,NA,"chemistry","2","2017",4,"SingCorrAns","-103",61536,159540,0.409,0.205,0.386,0.386,0.614
10620,26752,122168,NA,NA,NA,"chemistry","2","2017",5,"SingCorrAns","-103",122168,159540,0.168,0.067,0.766,0.766,0.234
35040,68938,55562,NA,NA,NA,"chemistry","2","2017",6,"SingCorrAns","-103",55562,159540,0.432,0.22,0.348,0.348,0.652
28471,49904,81165,NA,NA,NA,"chemistry","2","2017",7,"SingCorrAns","-103",81165,159540,0.313,0.178,0.509,0.509,0.491
30147,87251,21003,21139,0,0,"chemistry","2","2017",8,"MultCorrAns","-201234",26288,159540,0.547,0.189,0.132,0.165,0.835
79645,54581,13906,11408,0,0,"chemistry","2","2017",9,"MultCorrAns","-201234",16758,159540,0.342,0.499,0.087,0.105,0.895
96594,39553,4823,18570,0,0,"chemistry","2","2017",10,"MultCorrAns","-201234",9465,159540,0.248,0.605,0.03,0.059,0.941
27199,0,3694,46132,68870,13645,"chemistry","2","2017",11,"MultCorrAns","-201234",59896,159540,0,0.17,0.023,0.375,0.625
37479,42168,4412,42933,32548,0,"chemistry","2","2017",12,"MultCorrAns","-201234",31419,159540,0.264,0.235,0.028,0.197,0.803
46951,46320,17476,48793,0,0,"chemistry","2","2017",13,"MultCorrAns","-201234",29674,159540,0.29,0.294,0.11,0.186,0.814
57055,45192,37669,19624,0,0,"chemistry","2","2017",14,"MultCorrAns","-201234",42575,159540,0.283,0.358,0.236,0.267,0.733
1858,64519,93163,NA,NA,NA,"chemistry","2","2017",15,"Compr","+03",93163,159540,0.404,0.012,0.584,0.584,0.416
2539,95931,61070,NA,NA,NA,"chemistry","2","2017",16,"Compr","+03",61070,159540,0.601,0.016,0.383,0.383,0.617
4754,109504,45282,NA,NA,NA,"chemistry","2","2017",17,"Compr","+03",45282,159540,0.686,0.03,0.284,0.284,0.716
2475,141513,15552,NA,NA,NA,"chemistry","2","2017",18,"Compr","+03",15552,159540,0.887,0.016,0.097,0.097,0.903
70573,25278,39889,13777,10023,0,"maths","1","2017",1,"MultCorrAns","-201234",48345,159540,0.158,0.442,0.25,0.303,0.697
68857,49834,40849,0,0,0,"maths","1","2017",2,"MultCorrAns","-201234",40849,159540,0.312,0.432,0.256,0.256,0.744
111977,24510,5871,17182,0,0,"maths","1","2017",4,"MultCorrAns","-201234",10167,159540,0.154,0.702,0.037,0.064,0.936
47566,66712,28931,16331,0,0,"maths","1","2017",5,"MultCorrAns","-201234",33014,159540,0.418,0.298,0.181,0.207,0.793
79596,21021,50262,8661,0,0,"maths","1","2017",6,"MultCorrAns","-201234",52427,159540,0.132,0.499,0.315,0.329,0.671
33598,26383,55018,44541,0,0,"maths","1","2017",7,"MultCorrAns","-201234",66153,159540,0.165,0.211,0.345,0.415,0.585
7542,110371,41627,NA,NA,NA,"maths","1","2017",8,"SingDigitInteger","+03",41627,159540,0.692,0.047,0.261,0.261,0.739
11291,109842,38407,NA,NA,NA,"maths","1","2017",9,"SingDigitInteger","+03",38407,159540,0.688,0.071,0.241,0.241,0.759
6462,101041,52037,NA,NA,NA,"maths","1","2017",10,"SingDigitInteger","+03",52037,159540,0.633,0.041,0.326,0.326,0.674
8921,102970,47649,NA,NA,NA,"maths","1","2017",11,"SingDigitInteger","+03",47649,159540,0.645,0.056,0.299,0.299,0.701
4923,52120,102497,NA,NA,NA,"maths","1","2017",12,"SingDigitInteger","+03",102497,159540,0.327,0.031,0.642,0.642,0.358
39966,35516,84058,NA,NA,NA,"maths","1","2017",13,"SingCorrAns","-103",84058,159540,0.223,0.251,0.527,0.527,0.473
40277,29819,89444,NA,NA,NA,"maths","1","2017",14,"SingCorrAns","-103",89444,159540,0.187,0.252,0.561,0.561,0.439
49707,37776,72057,NA,NA,NA,"maths","1","2017",15,"SingCorrAns","-103",72057,159540,0.237,0.312,0.452,0.452,0.548
83067,46954,29519,NA,NA,NA,"maths","1","2017",16,"SingCorrAns","-103",29519,159540,0.294,0.521,0.185,0.185,0.815
84747,38763,36030,NA,NA,NA,"maths","1","2017",17,"SingCorrAns","-103",36030,159540,0.243,0.531,0.226,0.226,0.774
84254,39520,35766,NA,NA,NA,"maths","1","2017",18,"SingCorrAns","-103",35766,159540,0.248,0.528,0.224,0.224,0.776
20988,32175,106377,NA,NA,NA,"maths","2","2017",1,"SingCorrAns","-103",106377,159540,0.202,0.132,0.667,0.667,0.333
71598,57631,30311,NA,NA,NA,"maths","2","2017",2,"SingCorrAns","-103",30311,159540,0.361,0.449,0.19,0.19,0.81
69782,35176,54582,NA,NA,NA,"maths","2","2017",3,"SingCorrAns","-103",54582,159540,0.22,0.437,0.342,0.342,0.658
66983,56369,36188,NA,NA,NA,"maths","2","2017",4,"SingCorrAns","-103",36188,159540,0.353,0.42,0.227,0.227,0.773
97232,42376,19932,NA,NA,NA,"maths","2","2017",5,"SingCorrAns","-103",19932,159540,0.266,0.609,0.125,0.125,0.875
66742,38328,54470,NA,NA,NA,"maths","2","2017",6,"SingCorrAns","-103",54470,159540,0.24,0.418,0.341,0.341,0.659
54672,61282,43586,NA,NA,NA,"maths","2","2017",7,"SingCorrAns","-103",43586,159540,0.384,0.343,0.273,0.273,0.727
70991,22000,42091,24458,0,0,"maths","2","2017",10,"MultCorrAns","-201234",48205,159540,0.138,0.445,0.264,0.302,0.698
70940,51232,20811,16557,0,0,"maths","2","2017",11,"MultCorrAns","-201234",24950,159540,0.321,0.445,0.13,0.156,0.844
43658,56299,27778,31805,0,0,"maths","2","2017",12,"MultCorrAns","-201234",35729,159540,0.353,0.274,0.174,0.224,0.776
78050,37948,23267,20275,0,0,"maths","2","2017",13,"MultCorrAns","-201234",28336,159540,0.238,0.489,0.146,0.178,0.822
100122,32497,12634,14287,0,0,"maths","2","2017",14,"MultCorrAns","-201234",16206,159540,0.204,0.628,0.079,0.102,0.898
3402,70083,86055,NA,NA,NA,"maths","2","2017",15,"Compr","+03",86055,159540,0.439,0.021,0.539,0.539,0.461
4374,75639,79527,NA,NA,NA,"maths","2","2017",16,"Compr","+03",79527,159540,0.474,0.027,0.498,0.498,0.502
6805,107115,45620,NA,NA,NA,"maths","2","2017",17,"Compr","+03",45620,159540,0.671,0.043,0.286,0.286,0.714
5920,100975,52645,NA,NA,NA,"maths","2","2017",18,"Compr","+03",52645,159540,0.633,0.037,0.33,0.33,0.67
26483,41919,79276,NA,NA,NA,"physics","1","2016",1,"SingCorrAns","-103",79276,147678,0.284,0.179,0.537,0.537,0.463
74281,34818,38579,NA,NA,NA,"physics","1","2016",2,"SingCorrAns","-103",38579,147678,0.236,0.503,0.261,0.261,0.739
99416,31720,16542,NA,NA,NA,"physics","1","2016",3,"SingCorrAns","-103",16542,147678,0.215,0.673,0.112,0.112,0.888
31771,69096,46811,NA,NA,NA,"physics","1","2016",4,"SingCorrAns","-103",46811,147678,0.468,0.215,0.317,0.317,0.683
64828,58028,24822,NA,NA,NA,"physics","1","2016",5,"SingCorrAns","-103",24822,147678,0.393,0.439,0.168,0.168,0.832
72163,26329,4631,30191,14364,0,"physics","1","2016",6,"MultCorrAns","-201234",19361,147678,0.178,0.489,0.031,0.131,0.869
83663,18853,10477,16581,18104,0,"physics","1","2016",7,"MultCorrAns","-201234",23674,147678,0.128,0.567,0.071,0.16,0.84
81543,44890,4663,16582,0,0,"physics","1","2016",8,"MultCorrAns","-201234",8809,147678,0.304,0.552,0.032,0.06,0.94
79140,38957,12455,17126,0,0,"physics","1","2016",9,"MultCorrAns","-201234",16737,147678,0.264,0.536,0.084,0.113,0.887
72549,30856,26365,17908,0,0,"physics","1","2016",10,"MultCorrAns","-201234",30842,147678,0.209,0.491,0.179,0.209,0.791
83413,48227,3178,12860,0,0,"physics","1","2016",11,"MultCorrAns","-201234",6393,147678,0.327,0.565,0.022,0.043,0.957
24721,12431,42133,34963,33430,0,"physics","1","2016",12,"MultCorrAns","-201234",67589,147678,0.084,0.167,0.285,0.458,0.542
48414,20468,18408,25092,35296,0,"physics","1","2016",13,"MultCorrAns","-201234",42329,147678,0.139,0.328,0.125,0.287,0.713
8604,121125,17949,NA,NA,NA,"physics","1","2016",14,"SingDigitInteger","+03",17949,147678,0.82,0.058,0.122,0.122,0.878
10215,108884,28579,NA,NA,NA,"physics","1","2016",15,"SingDigitInteger","+03",28579,147678,0.737,0.069,0.194,0.194,0.806
6551,111241,29886,NA,NA,NA,"physics","1","2016",16,"SingDigitInteger","+03",29886,147678,0.753,0.044,0.202,0.202,0.798
5914,79650,62114,NA,NA,NA,"physics","1","2016",17,"SingDigitInteger","+03",62114,147678,0.539,0.04,0.421,0.421,0.579
7474,105832,34372,NA,NA,NA,"physics","1","2016",18,"SingDigitInteger","+03",34372,147678,0.717,0.051,0.233,0.233,0.767
90991,36578,20109,NA,NA,NA,"physics","2","2016",1,"SingCorrAns","-103",20109,147678,0.248,0.616,0.136,0.136,0.864
27104,29949,90625,NA,NA,NA,"physics","2","2016",2,"SingCorrAns","-103",90625,147678,0.203,0.184,0.614,0.614,0.386
79788,41777,26113,NA,NA,NA,"physics","2","2016",3,"SingCorrAns","-103",26113,147678,0.283,0.54,0.177,0.177,0.823
63194,70914,13570,NA,NA,NA,"physics","2","2016",4,"SingCorrAns","-103",13570,147678,0.48,0.428,0.092,0.092,0.908
80125,52036,15517,NA,NA,NA,"physics","2","2016",5,"SingCorrAns","-103",15517,147678,0.352,0.543,0.105,0.105,0.895
41945,64148,41585,NA,NA,NA,"physics","2","2016",6,"SingCorrAns","-103",41585,147678,0.434,0.284,0.282,0.282,0.718
108433,21112,9172,8961,0,0,"physics","2","2016",7,"MultCorrAns","-201234",11412,147678,0.143,0.734,0.062,0.077,0.923
62342,68116,17220,0,0,0,"physics","2","2016",8,"MultCorrAns","-201234",17220,147678,0.461,0.422,0.117,0.117,0.883
74063,19809,5312,33175,15319,0,"physics","2","2016",9,"MultCorrAns","-201234",21265,147678,0.134,0.502,0.036,0.144,0.856
60475,64523,8066,14614,0,0,"physics","2","2016",10,"MultCorrAns","-201234",11720,147678,0.437,0.41,0.055,0.079,0.921
70842,0,2685,37216,28995,7940,"physics","2","2016",11,"MultCorrAns","-201234",32441,147678,0,0.48,0.018,0.22,0.78
70148,22681,6442,27416,20991,0,"physics","2","2016",12,"MultCorrAns","-201234",23792,147678,0.154,0.475,0.044,0.161,0.839
72673,40947,11942,22116,0,0,"physics","2","2016",13,"MultCorrAns","-201234",17471,147678,0.277,0.492,0.081,0.118,0.882
40989,65639,15852,25198,0,0,"physics","2","2016",14,"MultCorrAns","-201234",22152,147678,0.444,0.278,0.107,0.15,0.85
3816,106911,36951,NA,NA,NA,"physics","2","2016",15,"Compr","+03",36951,147678,0.724,0.026,0.25,0.25,0.75
3546,104575,39557,NA,NA,NA,"physics","2","2016",16,"Compr","+03",39557,147678,0.708,0.024,0.268,0.268,0.732
4227,107199,36252,NA,NA,NA,"physics","2","2016",17,"Compr","+03",36252,147678,0.726,0.029,0.245,0.245,0.755
3765,103293,40620,NA,NA,NA,"physics","2","2016",18,"Compr","+03",40620,147678,0.699,0.025,0.275,0.275,0.725
37478,55239,54961,NA,NA,NA,"chemistry","1","2016",1,"SingCorrAns","-103",54961,147678,0.374,0.254,0.372,0.372,0.628
55972,57268,34438,NA,NA,NA,"chemistry","1","2016",2,"SingCorrAns","-103",34438,147678,0.388,0.379,0.233,0.233,0.767
12970,90531,44177,NA,NA,NA,"chemistry","1","2016",3,"SingCorrAns","-103",44177,147678,0.613,0.088,0.299,0.299,0.701
28508,71255,47915,NA,NA,NA,"chemistry","1","2016",4,"SingCorrAns","-103",47915,147678,0.483,0.193,0.324,0.324,0.676
51601,71695,24382,NA,NA,NA,"chemistry","1","2016",5,"SingCorrAns","-103",24382,147678,0.485,0.349,0.165,0.165,0.835
27671,22159,17242,34521,46085,0,"chemistry","1","2016",6,"MultCorrAns","-201234",48915,147678,0.15,0.187,0.117,0.331,0.669
59150,43089,25487,19952,0,0,"chemistry","1","2016",7,"MultCorrAns","-201234",30475,147678,0.292,0.401,0.173,0.206,0.794
64696,31126,13402,21351,17103,0,"chemistry","1","2016",8,"MultCorrAns","-201234",27291,147678,0.211,0.438,0.091,0.185,0.815
7862,23383,100394,16039,0,0,"chemistry","1","2016",9,"MultCorrAns","-201234",104404,147678,0.158,0.053,0.68,0.707,0.293
69712,51425,15925,10616,0,0,"chemistry","1","2016",10,"MultCorrAns","-201234",18579,147678,0.348,0.472,0.108,0.126,0.874
27497,16592,8683,37749,57157,0,"chemistry","1","2016",11,"MultCorrAns","-201234",46699,147678,0.112,0.186,0.059,0.316,0.684
53411,67506,26761,0,0,0,"chemistry","1","2016",12,"MultCorrAns","-201234",26761,147678,0.457,0.362,0.181,0.181,0.819
74826,42672,12389,17791,0,0,"chemistry","1","2016",13,"MultCorrAns","-201234",16837,147678,0.289,0.507,0.084,0.114,0.886
7551,97803,42324,NA,NA,NA,"chemistry","1","2016",14,"SingDigitInteger","+03",42324,147678,0.662,0.051,0.287,0.287,0.713
7195,104364,36119,NA,NA,NA,"chemistry","1","2016",15,"SingDigitInteger","+03",36119,147678,0.707,0.049,0.245,0.245,0.755
7934,116582,23162,NA,NA,NA,"chemistry","1","2016",16,"SingDigitInteger","+03",23162,147678,0.789,0.054,0.157,0.157,0.843
3584,132725,11369,NA,NA,NA,"chemistry","1","2016",17,"SingDigitInteger","+03",11369,147678,0.899,0.024,0.077,0.077,0.923
3955,134006,9717,NA,NA,NA,"chemistry","1","2016",18,"SingDigitInteger","+03",9717,147678,0.907,0.027,0.066,0.066,0.934
23065,59166,65447,NA,NA,NA,"chemistry","2","2016",1,"SingCorrAns","-103",65447,147678,0.401,0.156,0.443,0.443,0.557
51588,65620,30470,NA,NA,NA,"chemistry","2","2016",2,"SingCorrAns","-103",30470,147678,0.444,0.349,0.206,0.206,0.794
31725,41162,74791,NA,NA,NA,"chemistry","2","2016",3,"SingCorrAns","-103",74791,147678,0.279,0.215,0.506,0.506,0.494
21902,84374,41402,NA,NA,NA,"chemistry","2","2016",4,"SingCorrAns","-103",41402,147678,0.571,0.148,0.28,0.28,0.72
12563,83045,52070,NA,NA,NA,"chemistry","2","2016",5,"SingCorrAns","-103",52070,147678,0.562,0.085,0.353,0.353,0.647
76745,53678,17255,NA,NA,NA,"chemistry","2","2016",6,"SingCorrAns","-103",17255,147678,0.363,0.52,0.117,0.117,0.883
26152,48822,47222,25482,0,0,"chemistry","2","2016",7,"MultCorrAns","-201234",53592,147678,0.331,0.177,0.32,0.363,0.637
41067,63608,20058,22945,0,0,"chemistry","2","2016",8,"MultCorrAns","-201234",25794,147678,0.431,0.278,0.136,0.175,0.825
12989,47878,29100,18737,38974,0,"chemistry","2","2016",9,"MultCorrAns","-201234",53271,147678,0.324,0.088,0.197,0.361,0.639
19630,41869,29132,22005,35042,0,"chemistry","2","2016",10,"MultCorrAns","-201234",52154,147678,0.284,0.133,0.197,0.353,0.647
72429,44126,10907,20216,0,0,"chemistry","2","2016",11,"MultCorrAns","-201234",15961,147678,0.299,0.49,0.074,0.108,0.892
54998,55030,9137,28513,0,0,"chemistry","2","2016",12,"MultCorrAns","-201234",16265,147678,0.373,0.372,0.062,0.11,0.89
45342,60732,7383,34221,0,0,"chemistry","2","2016",13,"MultCorrAns","-201234",15938,147678,0.411,0.307,0.05,0.108,0.892
47093,40158,3238,32591,24598,0,"chemistry","2","2016",14,"MultCorrAns","-201234",23685,147678,0.272,0.319,0.022,0.16,0.84
2889,102137,42652,NA,NA,NA,"chemistry","2","2016",15,"Compr","+03",42652,147678,0.692,0.02,0.289,0.289,0.711
2861,107229,37588,NA,NA,NA,"chemistry","2","2016",16,"Compr","+03",37588,147678,0.726,0.019,0.255,0.255,0.745
3258,97694,46726,NA,NA,NA,"chemistry","2","2016",17,"Compr","+03",46726,147678,0.662,0.022,0.316,0.316,0.684
2759,103387,41532,NA,NA,NA,"chemistry","2","2016",18,"Compr","+03",41532,147678,0.7,0.019,0.281,0.281,0.719
48570,71989,27119,NA,NA,NA,"maths","1","2016",1,"SingCorrAns","-103",27119,147678,0.487,0.329,0.184,0.184,0.816
28964,70861,47853,NA,NA,NA,"maths","1","2016",2,"SingCorrAns","-103",47853,147678,0.48,0.196,0.324,0.324,0.676
79703,39124,28851,NA,NA,NA,"maths","1","2016",3,"SingCorrAns","-103",28851,147678,0.265,0.54,0.195,0.195,0.805
83356,31645,32677,NA,NA,NA,"maths","1","2016",4,"SingCorrAns","-103",32677,147678,0.214,0.564,0.221,0.221,0.779
43904,78313,25461,NA,NA,NA,"maths","1","2016",5,"SingCorrAns","-103",25461,147678,0.53,0.297,0.172,0.172,0.828
91542,16500,5336,14842,19458,0,"maths","1","2016",6,"MultCorrAns","-201234",18776,147678,0.112,0.62,0.036,0.127,0.873
83483,53894,10301,0,0,0,"maths","1","2016",7,"MultCorrAns","-201234",10301,147678,0.365,0.565,0.07,0.07,0.93
97766,36293,2897,10722,0,0,"maths","1","2016",8,"MultCorrAns","-201234",5577,147678,0.246,0.662,0.02,0.038,0.962
104720,17130,4032,14632,7164,0,"maths","1","2016",9,"MultCorrAns","-201234",11272,147678,0.116,0.709,0.027,0.076,0.924
101482,31236,4392,10568,0,0,"maths","1","2016",10,"MultCorrAns","-201234",7034,147678,0.212,0.687,0.03,0.048,0.952
99682,30762,5221,12013,0,0,"maths","1","2016",11,"MultCorrAns","-201234",8224,147678,0.208,0.675,0.035,0.056,0.944
100033,12346,6451,17925,10923,0,"maths","1","2016",12,"MultCorrAns","-201234",16394,147678,0.084,0.677,0.044,0.111,0.889
97615,24414,16483,9166,0,0,"maths","1","2016",13,"MultCorrAns","-201234",18775,147678,0.165,0.661,0.112,0.127,0.873
4426,98257,44995,0,NA,NA,"maths","1","2016",14,"SingDigitInteger","+03",44995,147678,0.665,0.03,0.305,0.305,0.695
9756,120956,16966,0,NA,NA,"maths","1","2016",15,"SingDigitInteger","+03",16966,147678,0.819,0.066,0.115,0.115,0.885
7152,118566,21960,0,NA,NA,"maths","1","2016",16,"SingDigitInteger","+03",21960,147678,0.803,0.048,0.149,0.149,0.851
6428,111603,29647,0,NA,NA,"maths","1","2016",17,"SingDigitInteger","+03",29647,147678,0.756,0.044,0.201,0.201,0.799
8075,119399,20204,0,NA,NA,"maths","1","2016",18,"SingDigitInteger","+03",20204,147678,0.809,0.055,0.137,0.137,0.863
62543,48541,36594,NA,NA,NA,"maths","2","2016",1,"SingCorrAns","-103",36594,147678,0.329,0.424,0.248,0.248,0.752
63769,47370,36539,NA,NA,NA,"maths","2","2016",2,"SingCorrAns","-103",36539,147678,0.321,0.432,0.247,0.247,0.753
81828,35950,29900,NA,NA,NA,"maths","2","2016",3,"SingCorrAns","-103",29900,147678,0.243,0.554,0.202,0.202,0.798
42375,44443,60860,NA,NA,NA,"maths","2","2016",4,"SingCorrAns","-103",60860,147678,0.301,0.287,0.412,0.412,0.588
88946,43140,15592,NA,NA,NA,"maths","2","2016",5,"SingCorrAns","-103",15592,147678,0.292,0.602,0.106,0.106,0.894
39615,36236,71827,NA,NA,NA,"maths","2","2016",6,"SingCorrAns","-103",71827,147678,0.245,0.268,0.486,0.486,0.514
117120,19763,1543,9252,0,0,"maths","2","2016",7,"MultCorrAns","-201234",3856,147678,0.134,0.793,0.01,0.026,0.974
67489,45234,17488,17467,0,0,"maths","2","2016",8,"MultCorrAns","-201234",21855,147678,0.306,0.457,0.118,0.148,0.852
73059,32250,18576,23793,0,0,"maths","2","2016",9,"MultCorrAns","-201234",24524,147678,0.218,0.495,0.126,0.166,0.834
67985,50364,9514,19815,0,0,"maths","2","2016",10,"MultCorrAns","-201234",14468,147678,0.341,0.46,0.064,0.098,0.902
83129,16749,8556,11771,27473,0,"maths","2","2016",11,"MultCorrAns","-201234",25235,147678,0.113,0.563,0.058,0.171,0.829
74647,21787,15528,17320,18396,0,"maths","2","2016",12,"MultCorrAns","-201234",29056,147678,0.148,0.505,0.105,0.197,0.803
33120,41688,35447,15226,22197,0,"maths","2","2016",13,"MultCorrAns","-201234",50352,147678,0.282,0.224,0.24,0.341,0.659
89521,34578,5843,17736,0,0,"maths","2","2016",14,"MultCorrAns","-201234",10277,147678,0.234,0.606,0.04,0.07,0.93
3518,88012,56148,NA,NA,NA,"maths","2","2016",15,"Compr","+03",56148,147678,0.596,0.024,0.38,0.38,0.62
3560,79725,64393,NA,NA,NA,"maths","2","2016",16,"Compr","+03",64393,147678,0.54,0.024,0.436,0.436,0.564
4159,91650,51869,NA,NA,NA,"maths","2","2016",17,"Compr","+03",51869,147678,0.621,0.028,0.351,0.351,0.649
3095,79396,65187,NA,NA,NA,"maths","2","2016",18,"Compr","+03",65187,147678,0.538,0.021,0.441,0.441,0.559
17421,96224,5935,NA,NA,NA,"physics","1","2014",1,"MultCorrAns","+03",5935,119580,0.805,0.146,0.05,0.05,0.95
6946,80194,32440,NA,NA,NA,"physics","1","2014",2,"MultCorrAns","+03",32440,119580,0.671,0.058,0.271,0.271,0.729
13115,97611,8854,NA,NA,NA,"physics","1","2014",3,"MultCorrAns","+03",8854,119580,0.816,0.11,0.074,0.074,0.926
6491,95050,18039,NA,NA,NA,"physics","1","2014",4,"MultCorrAns","+03",18039,119580,0.795,0.054,0.151,0.151,0.849
9102,100271,10207,NA,NA,NA,"physics","1","2014",5,"MultCorrAns","+03",10207,119580,0.839,0.076,0.085,0.085,0.915
22967,90952,5661,NA,NA,NA,"physics","1","2014",6,"MultCorrAns","+03",5661,119580,0.761,0.192,0.047,0.047,0.953
11094,59941,48545,NA,NA,NA,"physics","1","2014",7,"MultCorrAns","+03",48545,119580,0.501,0.093,0.406,0.406,0.594
13364,90784,15432,NA,NA,NA,"physics","1","2014",8,"MultCorrAns","+03",15432,119580,0.759,0.112,0.129,0.129,0.871
14154,79838,25588,NA,NA,NA,"physics","1","2014",9,"MultCorrAns","+03",25588,119580,0.668,0.118,0.214,0.214,0.786
7180,87433,24967,NA,NA,NA,"physics","1","2014",10,"MultCorrAns","+03",24967,119580,0.731,0.06,0.209,0.209,0.791
14899,70868,33813,NA,NA,NA,"physics","1","2014",11,"SingDigitInteger","+03",33813,119580,0.593,0.125,0.283,0.283,0.717
19376,80616,19588,NA,NA,NA,"physics","1","2014",12,"SingDigitInteger","+03",19588,119580,0.674,0.162,0.164,0.164,0.836
10697,75241,33642,NA,NA,NA,"physics","1","2014",13,"SingDigitInteger","+03",33642,119580,0.629,0.089,0.281,0.281,0.719
9784,60166,49630,NA,NA,NA,"physics","1","2014",14,"SingDigitInteger","+03",49630,119580,0.503,0.082,0.415,0.415,0.585
9675,69244,40661,NA,NA,NA,"physics","1","2014",15,"SingDigitInteger","+03",40661,119580,0.579,0.081,0.34,0.34,0.66
12116,68225,39239,NA,NA,NA,"physics","1","2014",16,"SingDigitInteger","+03",39239,119580,0.571,0.101,0.328,0.328,0.672
10055,73553,35972,NA,NA,NA,"physics","1","2014",17,"SingDigitInteger","+03",35972,119580,0.615,0.084,0.301,0.301,0.699
9968,49128,60484,NA,NA,NA,"physics","1","2014",18,"SingDigitInteger","+03",60484,119580,0.411,0.083,0.506,0.506,0.494
15281,76231,28068,NA,NA,NA,"physics","1","2014",19,"SingDigitInteger","+03",28068,119580,0.637,0.128,0.235,0.235,0.765
11602,60523,47455,NA,NA,NA,"physics","1","2014",20,"SingDigitInteger","+03",47455,119580,0.506,0.097,0.397,0.397,0.603
3622,82853,33105,NA,NA,NA,"chemistry","1","2014",1,"SingCorrAns","-103",33105,119580,0.693,0.03,0.277,0.277,0.723
6734,99437,13409,NA,NA,NA,"chemistry","1","2014",2,"SingCorrAns","-103",13409,119580,0.832,0.056,0.112,0.112,0.888
9952,94679,14949,NA,NA,NA,"chemistry","1","2014",3,"SingCorrAns","-103",14949,119580,0.792,0.083,0.125,0.125,0.875
4725,95701,19154,NA,NA,NA,"chemistry","1","2014",4,"SingCorrAns","-103",19154,119580,0.8,0.04,0.16,0.16,0.84
3031,96172,20377,NA,NA,NA,"chemistry","1","2014",5,"SingCorrAns","-103",20377,119580,0.804,0.025,0.17,0.17,0.83
2185,81113,36282,NA,NA,NA,"chemistry","1","2014",6,"SingCorrAns","-103",36282,119580,0.678,0.018,0.303,0.303,0.697
6485,105018,8077,NA,NA,NA,"chemistry","1","2014",7,"SingCorrAns","-103",8077,119580,0.878,0.054,0.068,0.068,0.932
9412,103601,6567,NA,NA,NA,"chemistry","1","2014",8,"SingCorrAns","-103",6567,119580,0.866,0.079,0.055,0.055,0.945
3137,65175,51268,NA,NA,NA,"chemistry","1","2014",9,"SingCorrAns","-103",51268,119580,0.545,0.026,0.429,0.429,0.571
11419,95570,12591,NA,NA,NA,"chemistry","1","2014",10,"SingCorrAns","-103",12591,119580,0.799,0.095,0.105,0.105,0.895
17317,86367,15896,NA,NA,NA,"chemistry","1","2014",11,"Compr","-103",15896,119580,0.722,0.145,0.133,0.133,0.867
5380,79330,34870,NA,NA,NA,"chemistry","1","2014",12,"Compr","-103",34870,119580,0.663,0.045,0.292,0.292,0.708
7782,78616,33182,NA,NA,NA,"chemistry","1","2014",13,"Compr","-103",33182,119580,0.657,0.065,0.277,0.277,0.723
10972,82936,25672,NA,NA,NA,"chemistry","1","2014",14,"Compr","-103",25672,119580,0.694,0.092,0.215,0.215,0.785
6853,95014,17713,NA,NA,NA,"chemistry","1","2014",15,"Compr","-103",17713,119580,0.795,0.057,0.148,0.148,0.852
10688,106718,2174,NA,NA,NA,"chemistry","1","2014",16,"Compr","-103",2174,119580,0.892,0.089,0.018,0.018,0.982
4137,83372,32071,NA,NA,NA,"chemistry","1","2014",17,"TwoListMatchSingleAns","-103",32071,119580,0.697,0.035,0.268,0.268,0.732
5246,65179,49155,NA,NA,NA,"chemistry","1","2014",18,"TwoListMatchSingleAns","-103",49155,119580,0.545,0.044,0.411,0.411,0.589
10127,61661,47792,NA,NA,NA,"chemistry","1","2014",19,"TwoListMatchSingleAns","-103",47792,119580,0.516,0.085,0.4,0.4,0.6
7996,42107,69477,NA,NA,NA,"chemistry","1","2014",20,"TwoListMatchSingleAns","-103",69477,119580,0.352,0.067,0.581,0.581,0.419
19208,82535,17837,NA,NA,NA,"maths","1","2014",1,"MultCorrAns","+03",17837,119580,0.69,0.161,0.149,0.149,0.851
19189,58013,42378,NA,NA,NA,"maths","1","2014",2,"MultCorrAns","+03",42378,119580,0.485,0.16,0.354,0.354,0.646
13083,86526,19971,NA,NA,NA,"maths","1","2014",3,"MultCorrAns","+03",19971,119580,0.724,0.109,0.167,0.167,0.833
13147,68108,38325,NA,NA,NA,"maths","1","2014",4,"MultCorrAns","+03",38325,119580,0.57,0.11,0.32,0.32,0.68
11964,67900,39716,NA,NA,NA,"maths","1","2014",5,"MultCorrAns","+03",39716,119580,0.568,0.1,0.332,0.332,0.668
7000,85833,26747,NA,NA,NA,"maths","1","2014",6,"MultCorrAns","+03",26747,119580,0.718,0.059,0.224,0.224,0.776
14247,101353,3980,NA,NA,NA,"maths","1","2014",7,"MultCorrAns","+03",3980,119580,0.848,0.119,0.033,0.033,0.967
19763,70415,29402,NA,NA,NA,"maths","1","2014",8,"MultCorrAns","+03",29402,119580,0.589,0.165,0.246,0.246,0.754
8487,54857,56236,NA,NA,NA,"maths","1","2014",9,"MultCorrAns","+03",56236,119580,0.459,0.071,0.47,0.47,0.53
12852,91357,15371,NA,NA,NA,"maths","1","2014",10,"MultCorrAns","+03",15371,119580,0.764,0.107,0.129,0.129,0.871
15509,65553,38518,NA,NA,NA,"maths","1","2014",11,"SingDigitInteger","+03",38518,119580,0.548,0.13,0.322,0.322,0.678
10980,62832,45768,NA,NA,NA,"maths","1","2014",12,"SingDigitInteger","+03",45768,119580,0.525,0.092,0.383,0.383,0.617
11572,95284,12724,NA,NA,NA,"maths","1","2014",13,"SingDigitInteger","+03",12724,119580,0.797,0.097,0.106,0.106,0.894
8706,65458,45416,NA,NA,NA,"maths","1","2014",14,"SingDigitInteger","+03",45416,119580,0.547,0.073,0.38,0.38,0.62
14569,85542,19469,NA,NA,NA,"maths","1","2014",15,"SingDigitInteger","+03",19469,119580,0.715,0.122,0.163,0.163,0.837
4954,44899,69727,NA,NA,NA,"maths","1","2014",16,"SingDigitInteger","+03",69727,119580,0.375,0.041,0.583,0.583,0.417
12840,93251,13489,NA,NA,NA,"maths","1","2014",17,"SingDigitInteger","+03",13489,119580,0.78,0.107,0.113,0.113,0.887
10604,87395,21581,NA,NA,NA,"maths","1","2014",18,"SingDigitInteger","+03",21581,119580,0.731,0.089,0.18,0.18,0.82
16319,85359,17902,NA,NA,NA,"maths","1","2014",19,"SingDigitInteger","+03",17902,119580,0.714,0.136,0.15,0.15,0.85
14912,67346,37322,NA,NA,NA,"maths","1","2014",20,"SingDigitInteger","+03",37322,119580,0.563,0.125,0.312,0.312,0.688
20898,40932,57750,NA,NA,NA,"physics","2","2014",1,"SingCorrAns","-103",57750,119580,0.342,0.175,0.483,0.483,0.517
25593,55363,38624,NA,NA,NA,"physics","2","2014",2,"SingCorrAns","-103",38624,119580,0.463,0.214,0.323,0.323,0.677
23051,51446,45083,NA,NA,NA,"physics","2","2014",3,"SingCorrAns","-103",45083,119580,0.43,0.193,0.377,0.377,0.623
7880,48658,63042,NA,NA,NA,"physics","2","2014",4,"SingCorrAns","-103",63042,119580,0.407,0.066,0.527,0.527,0.473
66809,29310,23461,NA,NA,NA,"physics","2","2014",5,"SingCorrAns","-103",23461,119580,0.245,0.559,0.196,0.196,0.804
60400,34201,24979,NA,NA,NA,"physics","2","2014",6,"SingCorrAns","-103",24979,119580,0.286,0.505,0.209,0.209,0.791
27705,35293,56582,NA,NA,NA,"physics","2","2014",7,"SingCorrAns","-103",56582,119580,0.295,0.232,0.473,0.473,0.527
43439,46368,29773,NA,NA,NA,"physics","2","2014",8,"SingCorrAns","-103",29773,119580,0.388,0.363,0.249,0.249,0.751
63983,38789,16808,NA,NA,NA,"physics","2","2014",9,"SingCorrAns","-103",16808,119580,0.324,0.535,0.141,0.141,0.859
64308,39818,15454,NA,NA,NA,"physics","2","2014",10,"SingCorrAns","-103",15454,119580,0.333,0.538,0.129,0.129,0.871
56801,56946,5833,NA,NA,NA,"physics","2","2014",11,"Compr","-103",5833,119580,0.476,0.475,0.049,0.049,0.951
81486,29176,8918,NA,NA,NA,"physics","2","2014",12,"Compr","-103",8918,119580,0.244,0.681,0.075,0.075,0.925
31056,33966,54558,NA,NA,NA,"physics","2","2014",13,"Compr","-103",54558,119580,0.284,0.26,0.456,0.456,0.544
54386,37334,27860,NA,NA,NA,"physics","2","2014",14,"Compr","-103",27860,119580,0.312,0.455,0.233,0.233,0.767
42373,45836,31371,NA,NA,NA,"physics","2","2014",15,"Compr","-103",31371,119580,0.383,0.354,0.262,0.262,0.738
44277,44346,30957,NA,NA,NA,"physics","2","2014",16,"Compr","-103",30957,119580,0.371,0.37,0.259,0.259,0.741
11908,26037,81635,NA,NA,NA,"physics","2","2014",17,"TwoListMatchSingleAns","-103",81635,119580,0.218,0.1,0.683,0.683,0.317
13756,49015,56809,NA,NA,NA,"physics","2","2014",18,"TwoListMatchSingleAns","-103",56809,119580,0.41,0.115,0.475,0.475,0.525
40545,58414,20621,NA,NA,NA,"physics","2","2014",19,"TwoListMatchSingleAns","-103",20621,119580,0.488,0.339,0.172,0.172,0.828
11780,88471,19329,NA,NA,NA,"physics","2","2014",20,"TwoListMatchSingleAns","-103",19329,119580,0.74,0.099,0.162,0.162,0.838
37140,48997,33443,NA,NA,NA,"chemistry","2","2014",1,"MultCorrAns","+03",33443,119580,0.41,0.311,0.28,0.28,0.72
5576,28286,85718,NA,NA,NA,"chemistry","2","2014",2,"MultCorrAns","+03",85718,119580,0.237,0.047,0.717,0.717,0.283
25766,38364,55450,NA,NA,NA,"chemistry","2","2014",3,"MultCorrAns","+03",55450,119580,0.321,0.215,0.464,0.464,0.536
33567,44670,41343,NA,NA,NA,"chemistry","2","2014",4,"MultCorrAns","+03",41343,119580,0.374,0.281,0.346,0.346,0.654
25856,51194,42530,NA,NA,NA,"chemistry","2","2014",5,"MultCorrAns","+03",42530,119580,0.428,0.216,0.356,0.356,0.644
71779,26148,21653,NA,NA,NA,"chemistry","2","2014",6,"MultCorrAns","+03",21653,119580,0.219,0.6,0.181,0.181,0.819
63503,29502,26575,NA,NA,NA,"chemistry","2","2014",7,"MultCorrAns","+03",26575,119580,0.247,0.531,0.222,0.222,0.778
8481,21959,89140,NA,NA,NA,"chemistry","2","2014",8,"MultCorrAns","+03",89140,119580,0.184,0.071,0.745,0.745,0.255
23032,51827,44721,NA,NA,NA,"chemistry","2","2014",9,"MultCorrAns","+03",44721,119580,0.433,0.193,0.374,0.374,0.626
29136,68648,21796,NA,NA,NA,"chemistry","2","2014",10,"MultCorrAns","+03",21796,119580,0.574,0.244,0.182,0.182,0.818
45158,49736,24686,NA,NA,NA,"chemistry","2","2014",11,"SingDigitInteger","+03",24686,119580,0.416,0.378,0.206,0.206,0.794
58402,33292,27886,NA,NA,NA,"chemistry","2","2014",12,"SingDigitInteger","+03",27886,119580,0.278,0.488,0.233,0.233,0.767
32445,33602,53533,NA,NA,NA,"chemistry","2","2014",13,"SingDigitInteger","+03",53533,119580,0.281,0.271,0.448,0.448,0.552
53152,43240,23188,NA,NA,NA,"chemistry","2","2014",14,"SingDigitInteger","+03",23188,119580,0.362,0.444,0.194,0.194,0.806
30603,33646,55331,NA,NA,NA,"chemistry","2","2014",15,"SingDigitInteger","+03",55331,119580,0.281,0.256,0.463,0.463,0.537
50472,37570,31538,NA,NA,NA,"chemistry","2","2014",16,"SingDigitInteger","+03",31538,119580,0.314,0.422,0.264,0.264,0.736
54997,35599,28984,NA,NA,NA,"chemistry","2","2014",17,"SingDigitInteger","+03",28984,119580,0.298,0.46,0.242,0.242,0.758
26498,26729,66353,NA,NA,NA,"chemistry","2","2014",18,"SingDigitInteger","+03",66353,119580,0.224,0.222,0.555,0.555,0.445
12631,36327,70622,NA,NA,NA,"chemistry","2","2014",19,"SingDigitInteger","+03",70622,119580,0.304,0.106,0.591,0.591,0.409
9285,41012,69283,NA,NA,NA,"chemistry","2","2014",20,"SingDigitInteger","+03",69283,119580,0.343,0.078,0.579,0.579,0.421
69819,31391,18370,NA,NA,NA,"maths","2","2014",1,"SingCorrAns","-103",18370,119580,0.263,0.584,0.154,0.154,0.846
81044,29180,9356,NA,NA,NA,"maths","2","2014",2,"SingCorrAns","-103",9356,119580,0.244,0.678,0.078,0.078,0.922
61181,31289,27110,NA,NA,NA,"maths","2","2014",3,"SingCorrAns","-103",27110,119580,0.262,0.512,0.227,0.227,0.773
47153,35602,36825,NA,NA,NA,"maths","2","2014",4,"SingCorrAns","-103",36825,119580,0.298,0.394,0.308,0.308,0.692
59607,38423,21550,NA,NA,NA,"maths","2","2014",5,"SingCorrAns","-103",21550,119580,0.321,0.498,0.18,0.18,0.82
37548,30490,51542,NA,NA,NA,"maths","2","2014",6,"SingCorrAns","-103",51542,119580,0.255,0.314,0.431,0.431,0.569
75302,23597,20681,NA,NA,NA,"maths","2","2014",7,"SingCorrAns","-103",20681,119580,0.197,0.63,0.173,0.173,0.827
62268,40557,16755,NA,NA,NA,"maths","2","2014",8,"SingCorrAns","-103",16755,119580,0.339,0.521,0.14,0.14,0.86
50651,46455,22474,NA,NA,NA,"maths","2","2014",9,"SingCorrAns","-103",22474,119580,0.388,0.424,0.188,0.188,0.812
35191,67411,16978,NA,NA,NA,"maths","2","2014",10,"SingCorrAns","-103",16978,119580,0.564,0.294,0.142,0.142,0.858
48452,39560,31568,NA,NA,NA,"maths","2","2014",11,"Compr","-103",31568,119580,0.331,0.405,0.264,0.264,0.736
64007,18001,37572,NA,NA,NA,"maths","2","2014",12,"Compr","-103",37572,119580,0.151,0.535,0.314,0.314,0.686
74498,28419,16663,NA,NA,NA,"maths","2","2014",13,"Compr","-103",16663,119580,0.238,0.623,0.139,0.139,0.861
72368,19687,27525,NA,NA,NA,"maths","2","2014",14,"Compr","-103",27525,119580,0.165,0.605,0.23,0.23,0.77
40721,32469,46390,NA,NA,NA,"maths","2","2014",15,"Compr","-103",46390,119580,0.272,0.341,0.388,0.388,0.612
47485,51700,20395,NA,NA,NA,"maths","2","2014",16,"Compr","-103",20395,119580,0.432,0.397,0.171,0.171,0.829
28694,50634,40252,NA,NA,NA,"maths","2","2014",17,"TwoListMatchSingleAns","-103",40252,119580,0.423,0.24,0.337,0.337,0.663
20946,52818,45816,NA,NA,NA,"maths","2","2014",18,"TwoListMatchSingleAns","-103",45816,119580,0.442,0.175,0.383,0.383,0.617
22683,32245,64652,NA,NA,NA,"maths","2","2014",19,"TwoListMatchSingleAns","-103",64652,119580,0.27,0.19,0.541,0.541,0.459
16454,47065,56061,NA,NA,NA,"maths","2","2014",20,"TwoListMatchSingleAns","-103",56061,119580,0.394,0.138,0.469,0.469,0.531
10680,62702,42589,NA,NA,NA,"physics","1","2013",1,"SingCorrAns","+02",42589,115971,0.541,0.092,0.367,0.367,0.633
1278,75494,39199,NA,NA,NA,"physics","1","2013",2,"SingCorrAns","+02",39199,115971,0.651,0.011,0.338,0.338,0.662
3683,48571,63717,NA,NA,NA,"physics","1","2013",3,"SingCorrAns","+02",63717,115971,0.419,0.032,0.549,0.549,0.451
2443,37352,76176,NA,NA,NA,"physics","1","2013",4,"SingCorrAns","+02",76176,115971,0.322,0.021,0.657,0.657,0.343
3744,61760,50467,NA,NA,NA,"physics","1","2013",5,"SingCorrAns","+02",50467,115971,0.533,0.032,0.435,0.435,0.565
6680,47663,61628,NA,NA,NA,"physics","1","2013",6,"SingCorrAns","+02",61628,115971,0.411,0.058,0.531,0.531,0.469
5239,85480,25252,NA,NA,NA,"physics","1","2013",7,"SingCorrAns","+02",25252,115971,0.737,0.045,0.218,0.218,0.782
6032,62055,47884,NA,NA,NA,"physics","1","2013",8,"SingCorrAns","+02",47884,115971,0.535,0.052,0.413,0.413,0.587
3623,55886,56462,NA,NA,NA,"physics","1","2013",9,"SingCorrAns","+02",56462,115971,0.482,0.031,0.487,0.487,0.513
5785,71647,38539,NA,NA,NA,"physics","1","2013",10,"SingCorrAns","+02",38539,115971,0.618,0.05,0.332,0.332,0.668
46330,58977,10664,NA,NA,NA,"physics","1","2013",11,"MultCorrAns","-104",10664,115971,0.509,0.399,0.092,0.092,0.908
49695,48296,17980,NA,NA,NA,"physics","1","2013",12,"MultCorrAns","-104",17980,115971,0.416,0.429,0.155,0.155,0.845
47112,43860,24999,NA,NA,NA,"physics","1","2013",13,"MultCorrAns","-104",24999,115971,0.378,0.406,0.216,0.216,0.784
45389,56453,14129,NA,NA,NA,"physics","1","2013",14,"MultCorrAns","-104",14129,115971,0.487,0.391,0.122,0.122,0.878
32801,55001,28169,NA,NA,NA,"physics","1","2013",15,"MultCorrAns","-104",28169,115971,0.474,0.283,0.243,0.243,0.757
22618,47316,46037,NA,NA,NA,"physics","1","2013",16,"SingDigitInteger","-104",46037,115971,0.408,0.195,0.397,0.397,0.603
78548,27969,9454,NA,NA,NA,"physics","1","2013",17,"SingDigitInteger","-104",9454,115971,0.241,0.677,0.082,0.082,0.918
37771,24429,53771,NA,NA,NA,"physics","1","2013",18,"SingDigitInteger","-104",53771,115971,0.211,0.326,0.464,0.464,0.536
60324,34545,21102,NA,NA,NA,"physics","1","2013",19,"SingDigitInteger","-104",21102,115971,0.298,0.52,0.182,0.182,0.818
48194,34644,33133,NA,NA,NA,"physics","1","2013",20,"SingDigitInteger","-104",33133,115971,0.299,0.416,0.286,0.286,0.714
2285,48893,64793,NA,NA,NA,"chemistry","1","2013",1,"MultCorrAns","-103",64793,115971,0.422,0.02,0.559,0.559,0.441
2677,57217,56077,NA,NA,NA,"chemistry","1","2013",2,"MultCorrAns","-103",56077,115971,0.493,0.023,0.484,0.484,0.516
3748,53722,58501,NA,NA,NA,"chemistry","1","2013",3,"MultCorrAns","-103",58501,115971,0.463,0.032,0.504,0.504,0.496
1645,33391,80935,NA,NA,NA,"chemistry","1","2013",4,"MultCorrAns","-103",80935,115971,0.288,0.014,0.698,0.698,0.302
4961,74744,36266,NA,NA,NA,"chemistry","1","2013",5,"MultCorrAns","-103",36266,115971,0.645,0.043,0.313,0.313,0.687
3395,44891,67685,NA,NA,NA,"chemistry","1","2013",6,"MultCorrAns","-103",67685,115971,0.387,0.029,0.584,0.584,0.416
5175,68661,42135,NA,NA,NA,"chemistry","1","2013",7,"MultCorrAns","-103",42135,115971,0.592,0.045,0.363,0.363,0.637
1912,43781,70278,NA,NA,NA,"chemistry","1","2013",8,"MultCorrAns","-103",70278,115971,0.378,0.016,0.606,0.606,0.394
2839,54980,58152,NA,NA,NA,"chemistry","1","2013",9,"ParaSingleAns","-103",58152,115971,0.474,0.024,0.501,0.501,0.499
1718,91812,22441,NA,NA,NA,"chemistry","1","2013",10,"ParaSingleAns","-103",22441,115971,0.792,0.015,0.194,0.194,0.806
31901,79946,4124,NA,NA,NA,"chemistry","1","2013",11,"ParaSingleAns","-103",4124,115971,0.689,0.275,0.036,0.036,0.964
45549,66048,4374,NA,NA,NA,"chemistry","1","2013",12,"ParaSingleAns","-103",4374,115971,0.57,0.393,0.038,0.038,0.962
75507,34390,6074,NA,NA,NA,"chemistry","1","2013",13,"ParaSingleAns","-103",6074,115971,0.297,0.651,0.052,0.052,0.948
25186,70613,20172,NA,NA,NA,"chemistry","1","2013",14,"ParaSingleAns","-103",20172,115971,0.609,0.217,0.174,0.174,0.826
75191,25527,15253,NA,NA,NA,"chemistry","1","2013",15,"ParaSingleAns","-103",15253,115971,0.22,0.648,0.132,0.132,0.868
43800,55255,16916,NA,NA,NA,"chemistry","1","2013",16,"ParaSingleAns","-103",16916,115971,0.476,0.378,0.146,0.146,0.854
83232,23646,9093,NA,NA,NA,"chemistry","1","2013",17,"TwoListMatchSingleAns","-103",9093,115971,0.204,0.718,0.078,0.078,0.922
41710,63811,10450,NA,NA,NA,"chemistry","1","2013",18,"TwoListMatchSingleAns","-103",10450,115971,0.55,0.36,0.09,0.09,0.91
64158,40489,11324,NA,NA,NA,"chemistry","1","2013",19,"TwoListMatchSingleAns","-103",11324,115971,0.349,0.553,0.098,0.098,0.902
32033,24682,59256,NA,NA,NA,"chemistry","1","2013",20,"TwoListMatchSingleAns","-103",59256,115971,0.213,0.276,0.511,0.511,0.489
11531,73406,31034,NA,NA,NA,"maths","1","2013",1,"SingCorrAns","+02",31034,115971,0.633,0.099,0.268,0.268,0.732
2586,47521,65864,NA,NA,NA,"maths","1","2013",2,"SingCorrAns","+02",65864,115971,0.41,0.022,0.568,0.568,0.432
9257,80921,25793,NA,NA,NA,"maths","1","2013",3,"SingCorrAns","+02",25793,115971,0.698,0.08,0.222,0.222,0.778
4954,72691,38326,NA,NA,NA,"maths","1","2013",4,"SingCorrAns","+02",38326,115971,0.627,0.043,0.33,0.33,0.67
5475,43767,66729,NA,NA,NA,"maths","1","2013",5,"SingCorrAns","+02",66729,115971,0.377,0.047,0.575,0.575,0.425
3323,37496,75152,NA,NA,NA,"maths","1","2013",6,"SingCorrAns","+02",75152,115971,0.323,0.029,0.648,0.648,0.352
8018,62839,45114,NA,NA,NA,"maths","1","2013",7,"SingCorrAns","+02",45114,115971,0.542,0.069,0.389,0.389,0.611
5659,31024,79288,NA,NA,NA,"maths","1","2013",8,"SingCorrAns","+02",79288,115971,0.268,0.049,0.684,0.684,0.316
9667,68604,37700,NA,NA,NA,"maths","1","2013",9,"SingCorrAns","+02",37700,115971,0.592,0.083,0.325,0.325,0.675
5489,67683,42799,NA,NA,NA,"maths","1","2013",10,"SingCorrAns","+02",42799,115971,0.584,0.047,0.369,0.369,0.631
83042,27913,5016,NA,NA,NA,"maths","1","2013",11,"MultCorrAns","-104",5016,115971,0.241,0.716,0.043,0.043,0.957
43789,58132,14050,NA,NA,NA,"maths","1","2013",12,"MultCorrAns","-104",14050,115971,0.501,0.378,0.121,0.121,0.879
62261,43697,10013,NA,NA,NA,"maths","1","2013",13,"MultCorrAns","-104",10013,115971,0.377,0.537,0.086,0.086,0.914
50244,48588,17139,NA,NA,NA,"maths","1","2013",14,"MultCorrAns","-104",17139,115971,0.419,0.433,0.148,0.148,0.852
76793,27860,11318,NA,NA,NA,"maths","1","2013",15,"MultCorrAns","-104",11318,115971,0.24,0.662,0.098,0.098,0.902
49756,35750,30465,NA,NA,NA,"maths","1","2013",16,"SingDigitInteger","-104",30465,115971,0.308,0.429,0.263,0.263,0.737
66563,22722,26686,NA,NA,NA,"maths","1","2013",17,"SingDigitInteger","-104",26686,115971,0.196,0.574,0.23,0.23,0.77
84440,28610,2921,NA,NA,NA,"maths","1","2013",18,"SingDigitInteger","-104",2921,115971,0.247,0.728,0.025,0.025,0.975
85858,25913,4200,NA,NA,NA,"maths","1","2013",19,"SingDigitInteger","-104",4200,115971,0.223,0.74,0.036,0.036,0.964
62787,45552,7632,NA,NA,NA,"maths","1","2013",20,"SingDigitInteger","-104",7632,115971,0.393,0.541,0.066,0.066,0.934
55720,54863,5388,NA,NA,NA,"physics","2","2013",1,"MultCorrAns","-103",5388,115971,0.473,0.48,0.046,0.046,0.954
39784,63651,12536,NA,NA,NA,"physics","2","2013",2,"MultCorrAns","-103",12536,115971,0.549,0.343,0.108,0.108,0.892
40322,50004,25645,NA,NA,NA,"physics","2","2013",3,"MultCorrAns","-103",25645,115971,0.431,0.348,0.221,0.221,0.779
51537,34201,30233,NA,NA,NA,"physics","2","2013",4,"MultCorrAns","-103",30233,115971,0.295,0.444,0.261,0.261,0.739
34698,37772,43501,NA,NA,NA,"physics","2","2013",5,"MultCorrAns","-103",43501,115971,0.326,0.299,0.375,0.375,0.625
68478,36114,11379,NA,NA,NA,"physics","2","2013",6,"MultCorrAns","-103",11379,115971,0.311,0.59,0.098,0.098,0.902
44626,62529,8816,NA,NA,NA,"physics","2","2013",7,"MultCorrAns","-103",8816,115971,0.539,0.385,0.076,0.076,0.924
21994,72445,21532,NA,NA,NA,"physics","2","2013",8,"MultCorrAns","-103",21532,115971,0.625,0.19,0.186,0.186,0.814
57633,22213,36125,NA,NA,NA,"physics","2","2013",9,"ParaSingleAns","-103",36125,115971,0.192,0.497,0.312,0.312,0.688
71470,28261,16240,NA,NA,NA,"physics","2","2013",10,"ParaSingleAns","-103",16240,115971,0.244,0.616,0.14,0.14,0.86
25792,41859,48320,NA,NA,NA,"physics","2","2013",11,"ParaSingleAns","-103",48320,115971,0.361,0.222,0.417,0.417,0.583
55462,48728,11781,NA,NA,NA,"physics","2","2013",12,"ParaSingleAns","-103",11781,115971,0.42,0.478,0.102,0.102,0.898
26816,46200,42955,NA,NA,NA,"physics","2","2013",13,"ParaSingleAns","-103",42955,115971,0.398,0.231,0.37,0.37,0.63
35536,42240,38195,NA,NA,NA,"physics","2","2013",14,"ParaSingleAns","-103",38195,115971,0.364,0.306,0.329,0.329,0.671
49129,33619,33223,NA,NA,NA,"physics","2","2013",15,"ParaSingleAns","-103",33223,115971,0.29,0.424,0.286,0.286,0.714
41470,23575,50926,NA,NA,NA,"physics","2","2013",16,"ParaSingleAns","-103",50926,115971,0.203,0.358,0.439,0.439,0.561
7268,35519,73184,NA,NA,NA,"physics","2","2013",17,"TwoListMatchSingleAns","-103",73184,115971,0.306,0.063,0.631,0.631,0.369
13142,33643,69186,NA,NA,NA,"physics","2","2013",18,"TwoListMatchSingleAns","-103",69186,115971,0.29,0.113,0.597,0.597,0.403
2807,13803,99361,NA,NA,NA,"physics","2","2013",19,"TwoListMatchSingleAns","-103",99361,115971,0.119,0.024,0.857,0.857,0.143
23447,25879,66645,NA,NA,NA,"physics","2","2013",20,"TwoListMatchSingleAns","-103",66645,115971,0.223,0.202,0.575,0.575,0.425
14876,76664,24431,NA,NA,NA,"chemistry","2","2013",1,"SingCorrAns","+02",24431,115971,0.661,0.128,0.211,0.211,0.789
21383,46285,48303,NA,NA,NA,"chemistry","2","2013",2,"SingCorrAns","+02",48303,115971,0.399,0.184,0.417,0.417,0.583
42741,49832,23398,NA,NA,NA,"chemistry","2","2013",3,"SingCorrAns","+02",23398,115971,0.43,0.369,0.202,0.202,0.798
32939,75001,8031,NA,NA,NA,"chemistry","2","2013",4,"SingCorrAns","+02",8031,115971,0.647,0.284,0.069,0.069,0.931
55703,32221,28047,NA,NA,NA,"chemistry","2","2013",5,"SingCorrAns","+02",28047,115971,0.278,0.48,0.242,0.242,0.758
32676,51149,32146,NA,NA,NA,"chemistry","2","2013",6,"SingCorrAns","+02",32146,115971,0.441,0.282,0.277,0.277,0.723
39705,48641,27625,NA,NA,NA,"chemistry","2","2013",7,"SingCorrAns","+02",27625,115971,0.419,0.342,0.238,0.238,0.762
65276,33326,17369,NA,NA,NA,"chemistry","2","2013",8,"SingCorrAns","+02",17369,115971,0.287,0.563,0.15,0.15,0.85
7892,29024,79055,NA,NA,NA,"chemistry","2","2013",9,"SingCorrAns","+02",79055,115971,0.25,0.068,0.682,0.682,0.318
5492,10465,100014,NA,NA,NA,"chemistry","2","2013",10,"SingCorrAns","+02",100014,115971,0.09,0.047,0.862,0.862,0.138
37608,34585,43778,NA,NA,NA,"chemistry","2","2013",11,"MultCorrAns","-104",43778,115971,0.298,0.324,0.377,0.377,0.623
31857,55250,28864,NA,NA,NA,"chemistry","2","2013",12,"MultCorrAns","-104",28864,115971,0.476,0.275,0.249,0.249,0.751
42002,35293,38676,NA,NA,NA,"chemistry","2","2013",13,"MultCorrAns","-104",38676,115971,0.304,0.362,0.333,0.333,0.667
48000,51580,16391,NA,NA,NA,"chemistry","2","2013",14,"MultCorrAns","-104",16391,115971,0.445,0.414,0.141,0.141,0.859
44249,41129,30593,NA,NA,NA,"chemistry","2","2013",15,"MultCorrAns","-104",30593,115971,0.355,0.382,0.264,0.264,0.736
44312,57853,13806,NA,NA,NA,"chemistry","2","2013",16,"SingDigitInteger","-104",13806,115971,0.499,0.382,0.119,0.119,0.881
10573,47741,57657,NA,NA,NA,"chemistry","2","2013",17,"SingDigitInteger","-104",57657,115971,0.412,0.091,0.497,0.497,0.503
19472,71156,25343,NA,NA,NA,"chemistry","2","2013",18,"SingDigitInteger","-104",25343,115971,0.614,0.168,0.219,0.219,0.781
18356,32339,65276,NA,NA,NA,"chemistry","2","2013",19,"SingDigitInteger","-104",65276,115971,0.279,0.158,0.563,0.563,0.437
36911,54357,24703,NA,NA,NA,"chemistry","2","2013",20,"SingDigitInteger","-104",24703,115971,0.469,0.318,0.213,0.213,0.787
77554,33046,5371,NA,NA,NA,"maths","2","2013",1,"MultCorrAns","-103",5371,115971,0.285,0.669,0.046,0.046,0.954
20291,44339,51341,NA,NA,NA,"maths","2","2013",2,"MultCorrAns","-103",51341,115971,0.382,0.175,0.443,0.443,0.557
72184,32404,11383,NA,NA,NA,"maths","2","2013",3,"MultCorrAns","-103",11383,115971,0.279,0.622,0.098,0.098,0.902
45500,60648,9823,NA,NA,NA,"maths","2","2013",4,"MultCorrAns","-103",9823,115971,0.523,0.392,0.085,0.085,0.915
92748,20382,2841,NA,NA,NA,"maths","2","2013",5,"MultCorrAns","-103",2841,115971,0.176,0.8,0.024,0.024,0.976
26684,26663,62624,NA,NA,NA,"maths","2","2013",6,"MultCorrAns","-103",62624,115971,0.23,0.23,0.54,0.54,0.46
44089,35542,36340,NA,NA,NA,"maths","2","2013",7,"MultCorrAns","-103",36340,115971,0.306,0.38,0.313,0.313,0.687
78855,27637,9479,NA,NA,NA,"maths","2","2013",8,"MultCorrAns","-103",9479,115971,0.238,0.68,0.082,0.082,0.918
65215,33198,17558,NA,NA,NA,"maths","2","2013",9,"ParaSingleAns","-103",17558,115971,0.286,0.562,0.151,0.151,0.849
73539,26399,16033,NA,NA,NA,"maths","2","2013",10,"ParaSingleAns","-103",16033,115971,0.228,0.634,0.138,0.138,0.862
30756,26234,58981,NA,NA,NA,"maths","2","2013",11,"ParaSingleAns","-103",58981,115971,0.226,0.265,0.509,0.509,0.491
46029,32876,37066,NA,NA,NA,"maths","2","2013",12,"ParaSingleAns","-103",37066,115971,0.283,0.397,0.32,0.32,0.68
69724,37925,8322,NA,NA,NA,"maths","2","2013",13,"ParaSingleAns","-103",8322,115971,0.327,0.601,0.072,0.072,0.928
68226,26197,21548,NA,NA,NA,"maths","2","2013",14,"ParaSingleAns","-103",21548,115971,0.226,0.588,0.186,0.186,0.814
46094,36952,32925,NA,NA,NA,"maths","2","2013",15,"ParaSingleAns","-103",32925,115971,0.319,0.397,0.284,0.284,0.716
61604,43535,10832,NA,NA,NA,"maths","2","2013",16,"ParaSingleAns","-103",10832,115971,0.375,0.531,0.093,0.093,0.907
44931,44089,26951,NA,NA,NA,"maths","2","2013",17,"TwoListMatchSingleAns","-103",26951,115971,0.38,0.387,0.232,0.232,0.768
27769,32360,55842,NA,NA,NA,"maths","2","2013",18,"TwoListMatchSingleAns","-103",55842,115971,0.279,0.239,0.482,0.482,0.518
22744,23724,69503,NA,NA,NA,"maths","2","2013",19,"TwoListMatchSingleAns","-103",69503,115971,0.205,0.196,0.599,0.599,0.401
18899,20874,76198,NA,NA,NA,"maths","2","2013",20,"TwoListMatchSingleAns","-103",76198,115971,0.18,0.163,0.657,0.657,0.343
176389,223035,80227,NA,NA,NA,"physics","1","2012",1,"SingCorrAns","-103",80227,479651,0.465,0.368,0.167,0.167,0.833
290084,111637,77930,NA,NA,NA,"physics","1","2012",2,"SingCorrAns","-103",77930,479651,0.233,0.605,0.162,0.162,0.838
137160,193538,148953,NA,NA,NA,"physics","1","2012",3,"SingCorrAns","-103",148953,479651,0.403,0.286,0.311,0.311,0.689
243553,183531,52567,NA,NA,NA,"physics","1","2012",4,"SingCorrAns","-103",52567,479651,0.383,0.508,0.11,0.11,0.89
265586,136325,77740,NA,NA,NA,"physics","1","2012",5,"SingCorrAns","-103",77740,479651,0.284,0.554,0.162,0.162,0.838
70991,187819,220841,NA,NA,NA,"physics","1","2012",6,"SingCorrAns","-103",220841,479651,0.392,0.148,0.46,0.46,0.54
166651,230283,82717,NA,NA,NA,"physics","1","2012",7,"SingCorrAns","-103",82717,479651,0.48,0.347,0.172,0.172,0.828
192150,184143,103358,NA,NA,NA,"physics","1","2012",8,"SingCorrAns","-103",103358,479651,0.384,0.401,0.215,0.215,0.785
287624,123522,68505,NA,NA,NA,"physics","1","2012",9,"SingCorrAns","-103",68505,479651,0.258,0.6,0.143,0.143,0.857
208443,193386,77822,NA,NA,NA,"physics","1","2012",10,"SingCorrAns","-103",77822,479651,0.403,0.435,0.162,0.162,0.838
36338,336771,106542,NA,NA,NA,"physics","1","2012",11,"MultCorrAns","+03",106542,479651,0.702,0.076,0.222,0.222,0.778
36432,380494,62725,NA,NA,NA,"physics","1","2012",12,"MultCorrAns","+03",62725,479651,0.793,0.076,0.131,0.131,0.869
20942,349224,109485,NA,NA,NA,"physics","1","2012",13,"MultCorrAns","+03",109485,479651,0.728,0.044,0.228,0.228,0.772
41592,391823,46236,NA,NA,NA,"physics","1","2012",14,"MultCorrAns","+03",46236,479651,0.817,0.087,0.096,0.096,0.904
33272,264040,182339,NA,NA,NA,"physics","1","2012",15,"MultCorrAns","+03",182339,479651,0.55,0.069,0.38,0.38,0.62
80412,363979,35260,NA,NA,NA,"physics","1","2012",16,"SingDigitInteger","+03",35260,479651,0.759,0.168,0.074,0.074,0.926
75410,355049,49192,NA,NA,NA,"physics","1","2012",17,"SingDigitInteger","+03",49192,479651,0.74,0.157,0.103,0.103,0.897
59042,359958,60651,NA,NA,NA,"physics","1","2012",18,"SingDigitInteger","+03",60651,479651,0.75,0.123,0.126,0.126,0.874
79906,377243,22502,NA,NA,NA,"physics","1","2012",19,"SingDigitInteger","+03",22502,479651,0.786,0.167,0.047,0.047,0.953
85269,339482,54900,NA,NA,NA,"physics","1","2012",20,"SingDigitInteger","+03",54900,479651,0.708,0.178,0.114,0.114,0.886
189857,157746,132048,NA,NA,NA,"physics","2","2012",1,"SingCorrAns","-103",132048,479651,0.329,0.396,0.275,0.275,0.725
141843,263092,74716,NA,NA,NA,"physics","2","2012",2,"SingCorrAns","-103",74716,479651,0.549,0.296,0.156,0.156,0.844
208553,195171,75927,NA,NA,NA,"physics","2","2012",3,"SingCorrAns","-103",75927,479651,0.407,0.435,0.158,0.158,0.842
139125,172988,167538,NA,NA,NA,"physics","2","2012",4,"SingCorrAns","-103",167538,479651,0.361,0.29,0.349,0.349,0.651
246661,179038,53952,NA,NA,NA,"physics","2","2012",5,"SingCorrAns","-103",53952,479651,0.373,0.514,0.112,0.112,0.888
223714,153592,102345,NA,NA,NA,"physics","2","2012",6,"SingCorrAns","-103",102345,479651,0.32,0.466,0.213,0.213,0.787
285647,136950,57054,NA,NA,NA,"physics","2","2012",7,"SingCorrAns","-103",57054,479651,0.286,0.596,0.119,0.119,0.881
151385,187575,140691,NA,NA,NA,"physics","2","2012",8,"SingCorrAns","-103",140691,479651,0.391,0.316,0.293,0.293,0.707
71507,219750,188394,NA,NA,NA,"physics","2","2012",9,"ParaSingleAns","-103",188394,479651,0.458,0.149,0.393,0.393,0.607
88869,152536,238246,NA,NA,NA,"physics","2","2012",10,"ParaSingleAns","-103",238246,479651,0.318,0.185,0.497,0.497,0.503
105722,282372,91557,NA,NA,NA,"physics","2","2012",11,"ParaSingleAns","-103",91557,479651,0.589,0.22,0.191,0.191,0.809
159458,260525,59668,NA,NA,NA,"physics","2","2012",12,"ParaSingleAns","-103",59668,479651,0.543,0.332,0.124,0.124,0.876
200592,231977,47082,NA,NA,NA,"physics","2","2012",13,"ParaSingleAns","-103",47082,479651,0.484,0.418,0.098,0.098,0.902
194339,174467,110845,NA,NA,NA,"physics","2","2012",14,"ParaSingleAns","-103",110845,479651,0.364,0.405,0.231,0.231,0.769
45602,372302,61747,NA,NA,NA,"physics","2","2012",15,"MultCorrAns","+03",61747,479651,0.776,0.095,0.129,0.129,0.871
16449,396683,66519,NA,NA,NA,"physics","2","2012",16,"MultCorrAns","+03",66519,479651,0.827,0.034,0.139,0.139,0.861
13210,418504,47937,NA,NA,NA,"physics","2","2012",17,"MultCorrAns","+03",47937,479651,0.873,0.028,0.1,0.1,0.9
24530,427054,28067,NA,NA,NA,"physics","2","2012",18,"MultCorrAns","+03",28067,479651,0.89,0.051,0.059,0.059,0.941
28601,335569,115481,NA,NA,NA,"physics","2","2012",19,"MultCorrAns","+03",115481,479651,0.7,0.06,0.241,0.241,0.759
59458,366471,53722,NA,NA,NA,"physics","2","2012",20,"MultCorrAns","+03",53722,479651,0.764,0.124,0.112,0.112,0.888
69460,248824,161367,NA,NA,NA,"chemistry","1","2012",1,"SingCorrAns","-103",161367,479651,0.519,0.145,0.336,0.336,0.664
261659,97144,120848,NA,NA,NA,"chemistry","1","2012",2,"SingCorrAns","-103",120848,479651,0.203,0.546,0.252,0.252,0.748
165007,201808,112836,NA,NA,NA,"chemistry","1","2012",3,"SingCorrAns","-103",112836,479651,0.421,0.344,0.235,0.235,0.765
94966,188237,196448,NA,NA,NA,"chemistry","1","2012",4,"SingCorrAns","-103",196448,479651,0.392,0.198,0.41,0.41,0.59
169269,207070,103312,NA,NA,NA,"chemistry","1","2012",5,"SingCorrAns","-103",103312,479651,0.432,0.353,0.215,0.215,0.785
102810,287968,88873,NA,NA,NA,"chemistry","1","2012",6,"SingCorrAns","-103",88873,479651,0.6,0.214,0.185,0.185,0.815
121978,206883,150790,NA,NA,NA,"chemistry","1","2012",7,"SingCorrAns","-103",150790,479651,0.431,0.254,0.314,0.314,0.686
167506,237221,74924,NA,NA,NA,"chemistry","1","2012",8,"SingCorrAns","-103",74924,479651,0.495,0.349,0.156,0.156,0.844
64956,182975,231720,NA,NA,NA,"chemistry","1","2012",9,"SingCorrAns","-103",231720,479651,0.381,0.135,0.483,0.483,0.517
38394,295687,145570,NA,NA,NA,"chemistry","1","2012",10,"SingCorrAns","-103",145570,479651,0.616,0.08,0.303,0.303,0.697
53927,378928,46796,NA,NA,NA,"chemistry","1","2012",11,"MultCorrAns","+03",46796,479651,0.79,0.112,0.098,0.098,0.902
41937,390944,46770,NA,NA,NA,"chemistry","1","2012",12,"MultCorrAns","+03",46770,479651,0.815,0.087,0.098,0.098,0.902
24410,412660,42581,NA,NA,NA,"chemistry","1","2012",13,"MultCorrAns","+03",42581,479651,0.86,0.051,0.089,0.089,0.911
23035,357336,99280,NA,NA,NA,"chemistry","1","2012",14,"MultCorrAns","+03",99280,479651,0.745,0.048,0.207,0.207,0.793
31004,353781,94866,NA,NA,NA,"chemistry","1","2012",15,"MultCorrAns","+03",94866,479651,0.738,0.065,0.198,0.198,0.802
63377,335585,80689,NA,NA,NA,"chemistry","1","2012",16,"SingDigitInteger","+03",80689,479651,0.7,0.132,0.168,0.168,0.832
35871,332962,110818,NA,NA,NA,"chemistry","1","2012",17,"SingDigitInteger","+03",110818,479651,0.694,0.075,0.231,0.231,0.769
44035,381003,54613,NA,NA,NA,"chemistry","1","2012",18,"SingDigitInteger","+03",54613,479651,0.794,0.092,0.114,0.114,0.886
80561,324577,74513,NA,NA,NA,"chemistry","1","2012",19,"SingDigitInteger","+03",74513,479651,0.677,0.168,0.155,0.155,0.845
56005,322310,101336,NA,NA,NA,"chemistry","1","2012",20,"SingDigitInteger","+03",101336,479651,0.672,0.117,0.211,0.211,0.789
166864,141994,170793,NA,NA,NA,"chemistry","2","2012",1,"SingCorrAns","-103",170793,479651,0.296,0.348,0.356,0.356,0.644
140062,234408,105181,NA,NA,NA,"chemistry","2","2012",2,"SingCorrAns","-103",105181,479651,0.489,0.292,0.219,0.219,0.781
50329,274468,154854,NA,NA,NA,"chemistry","2","2012",4,"SingCorrAns","-103",154854,479651,0.572,0.105,0.323,0.323,0.677
289686,136512,53453,NA,NA,NA,"chemistry","2","2012",5,"SingCorrAns","-103",53453,479651,0.285,0.604,0.111,0.111,0.889
152920,242692,84039,NA,NA,NA,"chemistry","2","2012",6,"SingCorrAns","-103",84039,479651,0.506,0.319,0.175,0.175,0.825
190439,198617,90595,NA,NA,NA,"chemistry","2","2012",7,"SingCorrAns","-103",90595,479651,0.414,0.397,0.189,0.189,0.811
134363,267362,77926,NA,NA,NA,"chemistry","2","2012",8,"SingCorrAns","-103",77926,479651,0.557,0.28,0.162,0.162,0.838
131991,240246,107414,NA,NA,NA,"chemistry","2","2012",9,"ParaSingleAns","-103",107414,479651,0.501,0.275,0.224,0.224,0.776
266674,146173,66804,NA,NA,NA,"chemistry","2","2012",10,"ParaSingleAns","-103",66804,479651,0.305,0.556,0.139,0.139,0.861
253119,154927,71605,NA,NA,NA,"chemistry","2","2012",11,"ParaSingleAns","-103",71605,479651,0.323,0.528,0.149,0.149,0.851
170495,165182,143974,NA,NA,NA,"chemistry","2","2012",12,"ParaSingleAns","-103",143974,479651,0.344,0.355,0.3,0.3,0.7
189794,204591,85266,NA,NA,NA,"chemistry","2","2012",13,"ParaSingleAns","-103",85266,479651,0.427,0.396,0.178,0.178,0.822
203753,186721,89177,NA,NA,NA,"chemistry","2","2012",14,"ParaSingleAns","-103",89177,479651,0.389,0.425,0.186,0.186,0.814
13836,364234,101581,NA,NA,NA,"chemistry","2","2012",15,"MultCorrAns","+03",101581,479651,0.759,0.029,0.212,0.212,0.788
26250,341991,111410,NA,NA,NA,"chemistry","2","2012",16,"MultCorrAns","+03",111410,479651,0.713,0.055,0.232,0.232,0.768
30070,415369,34212,NA,NA,NA,"chemistry","2","2012",17,"MultCorrAns","+03",34212,479651,0.866,0.063,0.071,0.071,0.929
5419,413193,61039,NA,NA,NA,"chemistry","2","2012",18,"MultCorrAns","+03",61039,479651,0.861,0.011,0.127,0.127,0.873
37570,410164,31917,NA,NA,NA,"chemistry","2","2012",19,"MultCorrAns","+03",31917,479651,0.855,0.078,0.067,0.067,0.933
13796,417086,48769,NA,NA,NA,"chemistry","2","2012",20,"MultCorrAns","+03",48769,479651,0.87,0.029,0.102,0.102,0.898
191340,203591,84720,NA,NA,NA,"maths","1","2012",1,"SingCorrAns","-103",84720,479651,0.424,0.399,0.177,0.177,0.823
143611,251092,84948,NA,NA,NA,"maths","1","2012",2,"SingCorrAns","-103",84948,479651,0.523,0.299,0.177,0.177,0.823
146738,261580,71333,NA,NA,NA,"maths","1","2012",3,"SingCorrAns","-103",71333,479651,0.545,0.306,0.149,0.149,0.851
149376,137346,192929,NA,NA,NA,"maths","1","2012",4,"SingCorrAns","-103",192929,479651,0.286,0.311,0.402,0.402,0.598
192794,219264,67593,NA,NA,NA,"maths","1","2012",5,"SingCorrAns","-103",67593,479651,0.457,0.402,0.141,0.141,0.859
237281,172660,69710,NA,NA,NA,"maths","1","2012",6,"SingCorrAns","-103",69710,479651,0.36,0.495,0.145,0.145,0.855
181859,210324,87468,NA,NA,NA,"maths","1","2012",7,"SingCorrAns","-103",87468,479651,0.438,0.379,0.182,0.182,0.818
245369,152557,81725,NA,NA,NA,"maths","1","2012",8,"SingCorrAns","-103",81725,479651,0.318,0.512,0.17,0.17,0.83
287156,141640,50855,NA,NA,NA,"maths","1","2012",9,"SingCorrAns","-103",50855,479651,0.295,0.599,0.106,0.106,0.894
287944,123080,68627,NA,NA,NA,"maths","1","2012",10,"SingCorrAns","-103",68627,479651,0.257,0.6,0.143,0.143,0.857
78802,389303,11546,NA,NA,NA,"maths","1","2012",11,"MultCorrAns","+03",11546,479651,0.812,0.164,0.024,0.024,0.976
66634,398550,14467,NA,NA,NA,"maths","1","2012",12,"MultCorrAns","+03",14467,479651,0.831,0.139,0.03,0.03,0.97
71848,366548,41255,NA,NA,NA,"maths","1","2012",13,"MultCorrAns","+03",41255,479651,0.764,0.15,0.086,0.086,0.914
40431,295919,143301,NA,NA,NA,"maths","1","2012",14,"MultCorrAns","+03",143301,479651,0.617,0.084,0.299,0.299,0.701
65318,319249,95084,NA,NA,NA,"maths","1","2012",15,"MultCorrAns","+03",95084,479651,0.666,0.136,0.198,0.198,0.802
51249,398674,29728,NA,NA,NA,"maths","1","2012",16,"SingDigitInteger","+03",29728,479651,0.831,0.107,0.062,0.062,0.938
64390,369908,45353,NA,NA,NA,"maths","1","2012",17,"SingDigitInteger","+03",45353,479651,0.771,0.134,0.095,0.095,0.905
60993,394718,23940,NA,NA,NA,"maths","1","2012",18,"SingDigitInteger","+03",23940,479651,0.823,0.127,0.05,0.05,0.95
65019,330702,83930,NA,NA,NA,"maths","1","2012",19,"SingDigitInteger","+03",83930,479651,0.689,0.136,0.175,0.175,0.825
76087,298661,104903,NA,NA,NA,"maths","1","2012",20,"SingDigitInteger","+03",104903,479651,0.623,0.159,0.219,0.219,0.781
221831,171840,85980,NA,NA,NA,"maths","2","2012",1,"SingCorrAns","-103",85980,479651,0.358,0.462,0.179,0.179,0.821
256491,126659,96501,NA,NA,NA,"maths","2","2012",2,"SingCorrAns","-103",96501,479651,0.264,0.535,0.201,0.201,0.799
206218,176892,96541,NA,NA,NA,"maths","2","2012",3,"SingCorrAns","-103",96541,479651,0.369,0.43,0.201,0.201,0.799
184808,212740,82103,NA,NA,NA,"maths","2","2012",4,"SingCorrAns","-103",82103,479651,0.444,0.385,0.171,0.171,0.829
309270,92004,78377,NA,NA,NA,"maths","2","2012",5,"SingCorrAns","-103",78377,479651,0.192,0.645,0.163,0.163,0.837
208232,222311,49108,NA,NA,NA,"maths","2","2012",6,"SingCorrAns","-103",49108,479651,0.463,0.434,0.102,0.102,0.898
164146,216683,98822,NA,NA,NA,"maths","2","2012",7,"SingCorrAns","-103",98822,479651,0.452,0.342,0.206,0.206,0.794
217797,162252,99602,NA,NA,NA,"maths","2","2012",8,"SingCorrAns","-103",99602,479651,0.338,0.454,0.208,0.208,0.792
174205,247171,58275,NA,NA,NA,"maths","2","2012",9,"ParaSingleAns","-103",58275,479651,0.515,0.363,0.121,0.121,0.879
246737,171452,61462,NA,NA,NA,"maths","2","2012",10,"ParaSingleAns","-103",61462,479651,0.357,0.514,0.128,0.128,0.872
218876,212030,48745,NA,NA,NA,"maths","2","2012",11,"ParaSingleAns","-103",48745,479651,0.442,0.456,0.102,0.102,0.898
224040,199213,56398,NA,NA,NA,"maths","2","2012",12,"ParaSingleAns","-103",56398,479651,0.415,0.467,0.118,0.118,0.882
156554,188888,134209,NA,NA,NA,"maths","2","2012",13,"ParaSingleAns","-103",134209,479651,0.394,0.326,0.28,0.28,0.72
149341,243074,87236,NA,NA,NA,"maths","2","2012",14,"ParaSingleAns","-103",87236,479651,0.507,0.311,0.182,0.182,0.818
47419,385994,46238,NA,NA,NA,"maths","2","2012",15,"MultCorrAns","+03",46238,479651,0.805,0.099,0.096,0.096,0.904
30617,368811,80223,NA,NA,NA,"maths","2","2012",16,"MultCorrAns","+03",80223,479651,0.769,0.064,0.167,0.167,0.833
37748,351139,90764,NA,NA,NA,"maths","2","2012",17,"MultCorrAns","+03",90764,479651,0.732,0.079,0.189,0.189,0.811
15697,321028,142926,NA,NA,NA,"maths","2","2012",18,"MultCorrAns","+03",142926,479651,0.669,0.033,0.298,0.298,0.702
23266,323455,132930,NA,NA,NA,"maths","2","2012",19,"MultCorrAns","+03",132930,479651,0.674,0.049,0.277,0.277,0.723
