JADyear,ComRankL,Marks,appearedIn2Papers,maxMarks,rComRankL,rMarks
2018,1,337,155158,360,0.0006,93.6111
2018,101,272,155158,360,0.0651,75.5556
2018,201,258,155158,360,0.1295,71.6667
2018,301,247,155158,360,0.1940,68.6111
2018,401,240,155158,360,0.2584,66.6667
2018,501,233,155158,360,0.3229,64.7222
2018,601,227,155158,360,0.3873,63.0556
2018,701,223,155158,360,0.4518,61.9444
2018,801,219,155158,360,0.5162,60.8333
2018,901,216,155158,360,0.5807,60.0000
2018,1001,213,155158,360,0.6451,59.1667
2018,1101,210,155158,360,0.7096,58.3333
2018,1201,207,155158,360,0.7740,57.5000
2018,1301,204,155158,360,0.8385,56.6667
2018,1401,202,155158,360,0.9030,56.1111
2018,1501,200,155158,360,0.9674,55.5556
2018,1601,198,155158,360,1.0319,55.0000
2018,1701,196,155158,360,1.0963,54.4444
2018,1801,195,155158,360,1.1608,54.1667
2018,1901,193,155158,360,1.2252,53.6111
2018,2001,191,155158,360,1.2897,53.0556
2018,2101,190,155158,360,1.3541,52.7778
2018,2201,188,155158,360,1.4186,52.2222
2018,2301,187,155158,360,1.4830,51.9444
2018,2401,185,155158,360,1.5475,51.3889
2018,2501,184,155158,360,1.6119,51.1111
2018,2601,182,155158,360,1.6764,50.5556
2018,2701,181,155158,360,1.7408,50.2778
2018,2801,180,155158,360,1.8053,50.0000
2018,2901,179,155158,360,1.8697,49.7222
2018,3001,177,155158,360,1.9342,49.1667
2018,3101,176,155158,360,1.9986,48.8889
2018,3201,175,155158,360,2.0631,48.6111
2018,3301,174,155158,360,2.1275,48.3333
2018,3401,173,155158,360,2.1920,48.0556
2018,3501,172,155158,360,2.2564,47.7778
2018,3601,171,155158,360,2.3209,47.5000
2018,3701,170,155158,360,2.3853,47.2222
2018,3801,169,155158,360,2.4498,46.9444
2018,3901,168,155158,360,2.5142,46.6667
2018,4001,167,155158,360,2.5787,46.3889
2018,4101,166,155158,360,2.6431,46.1111
2018,4201,165,155158,360,2.7076,45.8333
2018,4301,164,155158,360,2.7720,45.5556
2018,4401,164,155158,360,2.8365,45.5556
2018,4501,163,155158,360,2.9009,45.2778
2018,4601,162,155158,360,2.9654,45.0000
2018,4701,161,155158,360,3.0298,44.7222
2018,4801,160,155158,360,3.0943,44.4444
2018,4901,159,155158,360,3.1587,44.1667
2018,5001,158,155158,360,3.2232,43.8889
2018,5101,158,155158,360,3.2876,43.8889
2018,5201,157,155158,360,3.3521,43.6111
2018,5301,156,155158,360,3.4165,43.3333
2018,5402,155,155158,360,3.4816,43.0556
2018,5501,154,155158,360,3.5454,42.7778
2018,5601,154,155158,360,3.6099,42.7778
2018,5701,153,155158,360,3.6743,42.5000
2018,5801,152,155158,360,3.7388,42.2222
2018,5901,152,155158,360,3.8032,42.2222
2018,6001,151,155158,360,3.8677,41.9444
2018,6101,150,155158,360,3.9321,41.6667
2018,6201,150,155158,360,3.9966,41.6667
2018,6301,149,155158,360,4.0610,41.3889
2018,6401,148,155158,360,4.1255,41.1111
2018,6501,148,155158,360,4.1899,41.1111
2018,6601,147,155158,360,4.2544,40.8333
2018,6701,147,155158,360,4.3188,40.8333
2018,6801,146,155158,360,4.3833,40.5556
2018,6901,145,155158,360,4.4477,40.2778
2018,7001,145,155158,360,4.5122,40.2778
2018,7101,144,155158,360,4.5766,40.0000
2018,7201,144,155158,360,4.6411,40.0000
2018,7301,143,155158,360,4.7055,39.7222
2018,7401,143,155158,360,4.7700,39.7222
2018,7501,142,155158,360,4.8344,39.4444
2018,7601,142,155158,360,4.8989,39.4444
2018,7701,141,155158,360,4.9633,39.1667
2018,7801,140,155158,360,5.0278,38.8889
2018,7901,140,155158,360,5.0922,38.8889
2018,8001,139,155158,360,5.1567,38.6111
2018,8101,139,155158,360,5.2211,38.6111
2018,8201,138,155158,360,5.2856,38.3333
2018,8301,138,155158,360,5.3500,38.3333
2018,8401,137,155158,360,5.4145,38.0556
2018,8501,137,155158,360,5.4789,38.0556
2018,8601,136,155158,360,5.5434,37.7778
2018,8701,136,155158,360,5.6078,37.7778
2018,8801,135,155158,360,5.6723,37.5000
2018,8901,135,155158,360,5.7367,37.5000
2018,9001,135,155158,360,5.8012,37.5000
2018,9101,134,155158,360,5.8656,37.2222
2018,9201,134,155158,360,5.9301,37.2222
2018,9301,133,155158,360,5.9945,36.9444
2018,9401,133,155158,360,6.0590,36.9444
2018,9501,132,155158,360,6.1234,36.6667
2018,9601,132,155158,360,6.1879,36.6667
2018,9701,131,155158,360,6.2523,36.3889
2018,9801,131,155158,360,6.3168,36.3889
2018,9901,131,155158,360,6.3812,36.3889
2018,10001,130,155158,360,6.4457,36.1111
2018,10101,130,155158,360,6.5101,36.1111
2018,10201,129,155158,360,6.5746,35.8333
2018,10301,129,155158,360,6.6390,35.8333
2018,10401,129,155158,360,6.7035,35.8333
2018,10501,128,155158,360,6.7679,35.5556
2018,10601,128,155158,360,6.8324,35.5556
2018,10701,127,155158,360,6.8968,35.2778
2018,10801,127,155158,360,6.9613,35.2778
2018,10901,127,155158,360,7.0257,35.2778
2018,11001,126,155158,360,7.0902,35.0000
2018,11101,126,155158,360,7.1546,35.0000
2018,11201,126,155158,360,7.2191,35.0000
2018,11301,125,155158,360,7.2835,34.7222
2018,11401,125,155158,360,7.3480,34.7222
2018,11501,124,155158,360,7.4124,34.4444
2018,11601,124,155158,360,7.4769,34.4444
2018,11701,124,155158,360,7.5413,34.4444
2018,11801,123,155158,360,7.6058,34.1667
2018,11901,123,155158,360,7.6702,34.1667
2018,12001,123,155158,360,7.7347,34.1667
2018,12101,122,155158,360,7.7991,33.8889
2018,12201,122,155158,360,7.8636,33.8889
2018,12301,122,155158,360,7.9280,33.8889
2018,12401,121,155158,360,7.9925,33.6111
2018,12501,121,155158,360,8.0569,33.6111
2018,12601,121,155158,360,8.1214,33.6111
2018,12701,120,155158,360,8.1858,33.3333
2018,12801,120,155158,360,8.2503,33.3333
2018,12901,120,155158,360,8.3148,33.3333
2018,13001,119,155158,360,8.3792,33.0556
2018,13101,119,155158,360,8.4437,33.0556
2018,13201,119,155158,360,8.5081,33.0556
2018,13301,118,155158,360,8.5726,32.7778
2018,13401,118,155158,360,8.6370,32.7778
2018,13501,118,155158,360,8.7015,32.7778
2018,13601,117,155158,360,8.7659,32.5000
2018,13701,117,155158,360,8.8304,32.5000
2018,13801,117,155158,360,8.8948,32.5000
2018,13901,116,155158,360,8.9593,32.2222
2018,14001,116,155158,360,9.0237,32.2222
2018,14101,116,155158,360,9.0882,32.2222
2018,14201,115,155158,360,9.1526,31.9444
2018,14301,115,155158,360,9.2171,31.9444
2018,14401,115,155158,360,9.2815,31.9444
2018,14501,115,155158,360,9.3460,31.9444
2018,14601,114,155158,360,9.4104,31.6667
2018,14701,114,155158,360,9.4749,31.6667
2018,14801,114,155158,360,9.5393,31.6667
2018,14901,113,155158,360,9.6038,31.3889
2018,15001,113,155158,360,9.6682,31.3889
2018,15101,113,155158,360,9.7327,31.3889
2018,15201,113,155158,360,9.7971,31.3889
2018,15301,112,155158,360,9.8616,31.1111
2018,15401,112,155158,360,9.9260,31.1111
2018,15501,112,155158,360,9.9905,31.1111
2018,15601,111,155158,360,10.0549,30.8333
2018,15701,111,155158,360,10.1194,30.8333
2018,15801,111,155158,360,10.1838,30.8333
2018,15901,110,155158,360,10.2483,30.5556
2018,16001,110,155158,360,10.3127,30.5556
2018,16101,110,155158,360,10.3772,30.5556
2018,16201,110,155158,360,10.4416,30.5556
2018,16301,109,155158,360,10.5061,30.2778
2018,16401,109,155158,360,10.5705,30.2778
2018,16501,109,155158,360,10.6350,30.2778
2018,16601,109,155158,360,10.6994,30.2778
2018,16701,108,155158,360,10.7639,30.0000
2018,16801,108,155158,360,10.8283,30.0000
2018,16902,108,155158,360,10.8934,30.0000
2018,17001,107,155158,360,10.9572,29.7222
2018,17101,107,155158,360,11.0217,29.7222
2018,17201,107,155158,360,11.0861,29.7222
2018,17301,107,155158,360,11.1506,29.7222
2018,17401,106,155158,360,11.2150,29.4444
2018,17501,106,155158,360,11.2795,29.4444
2018,17601,106,155158,360,11.3439,29.4444
2018,17701,105,155158,360,11.4084,29.1667
2018,17801,105,155158,360,11.4728,29.1667
2018,17901,105,155158,360,11.5373,29.1667
2018,18001,105,155158,360,11.6017,29.1667
2018,18101,104,155158,360,11.6662,28.8889
2018,18201,104,155158,360,11.7306,28.8889
2018,18301,104,155158,360,11.7951,28.8889
2018,18401,104,155158,360,11.8595,28.8889
2018,18501,103,155158,360,11.9240,28.6111
2018,18601,103,155158,360,11.9884,28.6111
2018,18701,103,155158,360,12.0529,28.6111
2018,18801,102,155158,360,12.1173,28.3333
2018,18901,102,155158,360,12.1818,28.3333
2018,19001,102,155158,360,12.2462,28.3333
2018,19101,102,155158,360,12.3107,28.3333
2018,19201,101,155158,360,12.3751,28.0556
2018,19301,101,155158,360,12.4396,28.0556
2018,19401,101,155158,360,12.5040,28.0556
2018,19501,101,155158,360,12.5685,28.0556
2018,19601,101,155158,360,12.6329,28.0556
2018,19701,100,155158,360,12.6974,27.7778
2018,19801,100,155158,360,12.7618,27.7778
2018,19901,100,155158,360,12.8263,27.7778
2018,20001,99,155158,360,12.8907,27.5000
2018,20101,99,155158,360,12.9552,27.5000
2018,20201,99,155158,360,13.0196,27.5000
2018,20301,99,155158,360,13.0841,27.5000
2018,20401,98,155158,360,13.1485,27.2222
2018,20501,98,155158,360,13.2130,27.2222
2018,20601,98,155158,360,13.2774,27.2222
2018,20701,98,155158,360,13.3419,27.2222
2018,20801,98,155158,360,13.4063,27.2222
2018,20901,97,155158,360,13.4708,26.9444
2018,21001,97,155158,360,13.5352,26.9444
2018,21101,97,155158,360,13.5997,26.9444
2018,21201,97,155158,360,13.6641,26.9444
2018,21301,96,155158,360,13.7286,26.6667
2018,21401,96,155158,360,13.7930,26.6667
2018,21501,96,155158,360,13.8575,26.6667
2018,21601,96,155158,360,13.9219,26.6667
2018,21701,95,155158,360,13.9864,26.3889
2018,21801,95,155158,360,14.0508,26.3889
2018,21901,95,155158,360,14.1153,26.3889
2018,22001,95,155158,360,14.1797,26.3889
2018,22101,94,155158,360,14.2442,26.1111
2018,22201,94,155158,360,14.3086,26.1111
2018,22301,94,155158,360,14.3731,26.1111
2018,22401,94,155158,360,14.4375,26.1111
2018,22501,94,155158,360,14.5020,26.1111
2018,22601,93,155158,360,14.5664,25.8333
2018,22701,93,155158,360,14.6309,25.8333
2018,22801,93,155158,360,14.6953,25.8333
2018,22901,93,155158,360,14.7598,25.8333
2018,23001,92,155158,360,14.8242,25.5556
2018,23103,92,155158,360,14.8900,25.5556
2018,23202,92,155158,360,14.9538,25.5556
2018,23301,92,155158,360,15.0176,25.5556
2018,23401,91,155158,360,15.0820,25.2778
2018,23501,91,155158,360,15.1465,25.2778
2018,23601,91,155158,360,15.2109,25.2778
2018,23701,91,155158,360,15.2754,25.2778
2018,23801,90,155158,360,15.3398,25.0000
2018,23901,90,155158,360,15.4043,25.0000
2018,24001,90,155158,360,15.4687,25.0000
2018,24101,90,155158,360,15.5332,25.0000
2018,24162,90,155158,360,15.5725,25.0000
2014,1,334,119581,360,0.0008,92.7778
2014,101,278,119581,360,0.0845,77.2222
2014,201,267,119581,360,0.1681,74.1667
2014,301,259,119581,360,0.2517,71.9444
2014,401,252,119581,360,0.3353,70.0000
2014,501,246,119581,360,0.4190,68.3333
2014,601,241,119581,360,0.5026,66.9444
2014,701,237,119581,360,0.5862,65.8333
2014,801,234,119581,360,0.6698,65.0000
2014,901,230,119581,360,0.7535,63.8889
2014,1001,227,119581,360,0.8371,63.0556
2014,1101,225,119581,360,0.9207,62.5000
2014,1201,222,119581,360,1.0043,61.6667
2014,1301,220,119581,360,1.0880,61.1111
2014,1401,218,119581,360,1.1716,60.5556
2014,1501,216,119581,360,1.2552,60.0000
2014,1601,213,119581,360,1.3388,59.1667
2014,1701,211,119581,360,1.4225,58.6111
2014,1801,209,119581,360,1.5061,58.0556
2014,1901,207,119581,360,1.5897,57.5000
2014,2001,206,119581,360,1.6733,57.2222
2014,2101,204,119581,360,1.7570,56.6667
2014,2201,203,119581,360,1.8406,56.3889
2014,2301,201,119581,360,1.9242,55.8333
2014,2401,200,119581,360,2.0078,55.5556
2014,2501,199,119581,360,2.0915,55.2778
2014,2601,197,119581,360,2.1751,54.7222
2014,2701,196,119581,360,2.2587,54.4444
2014,2801,195,119581,360,2.3423,54.1667
2014,2901,194,119581,360,2.4260,53.8889
2014,3000,193,119581,360,2.5088,53.6111
2014,3101,192,119581,360,2.5932,53.3333
2014,3201,191,119581,360,2.6768,53.0556
2014,3301,190,119581,360,2.7605,52.7778
2014,3401,189,119581,360,2.8441,52.5000
2014,3501,188,119581,360,2.9277,52.2222
2014,3601,187,119581,360,3.0113,51.9444
2014,3701,187,119581,360,3.0950,51.9444
2014,3801,186,119581,360,3.1786,51.6667
2014,3901,185,119581,360,3.2622,51.3889
2014,4001,184,119581,360,3.3458,51.1111
2014,4101,183,119581,360,3.4295,50.8333
2014,4201,182,119581,360,3.5131,50.5556
2014,4301,181,119581,360,3.5967,50.2778
2014,4401,181,119581,360,3.6804,50.2778
2014,4501,180,119581,360,3.7640,50.0000
2014,4601,179,119581,360,3.8476,49.7222
2014,4701,178,119581,360,3.9312,49.4444
2014,4800,178,119581,360,4.0140,49.4444
2014,4901,177,119581,360,4.0985,49.1667
2014,5001,176,119581,360,4.1821,48.8889
2014,5101,176,119581,360,4.2657,48.8889
2014,5201,175,119581,360,4.3494,48.6111
2014,5301,174,119581,360,4.4330,48.3333
2014,5401,174,119581,360,4.5166,48.3333
2014,5501,173,119581,360,4.6002,48.0556
2014,5601,172,119581,360,4.6839,47.7778
2014,5701,172,119581,360,4.7675,47.7778
2014,5801,171,119581,360,4.8511,47.5000
2014,5901,170,119581,360,4.9347,47.2222
2014,6001,170,119581,360,5.0184,47.2222
2014,6101,169,119581,360,5.1020,46.9444
2014,6201,169,119581,360,5.1856,46.9444
2014,6301,168,119581,360,5.2692,46.6667
2014,6401,168,119581,360,5.3529,46.6667
2014,6501,167,119581,360,5.4365,46.3889
2014,6601,167,119581,360,5.5201,46.3889
2014,6701,166,119581,360,5.6037,46.1111
2014,6801,165,119581,360,5.6874,45.8333
2014,6901,165,119581,360,5.7710,45.8333
2014,7001,164,119581,360,5.8546,45.5556
2014,7101,164,119581,360,5.9382,45.5556
2014,7201,163,119581,360,6.0219,45.2778
2014,7301,163,119581,360,6.1055,45.2778
2014,7401,162,119581,360,6.1891,45.0000
2014,7501,162,119581,360,6.2727,45.0000
2014,7601,161,119581,360,6.3564,44.7222
2014,7701,161,119581,360,6.4400,44.7222
2014,7801,161,119581,360,6.5236,44.7222
2014,7901,160,119581,360,6.6072,44.4444
2014,8001,160,119581,360,6.6909,44.4444
2014,8101,159,119581,360,6.7745,44.1667
2014,8201,159,119581,360,6.8581,44.1667
2014,8301,158,119581,360,6.9417,43.8889
2014,8401,158,119581,360,7.0254,43.8889
2014,8501,157,119581,360,7.1090,43.6111
2014,8601,157,119581,360,7.1926,43.6111
2014,8701,156,119581,360,7.2762,43.3333
2014,8801,156,119581,360,7.3599,43.3333
2014,8901,156,119581,360,7.4435,43.3333
2014,9001,155,119581,360,7.5271,43.0556
2014,9101,155,119581,360,7.6107,43.0556
2014,9201,154,119581,360,7.6944,42.7778
2014,9301,154,119581,360,7.7780,42.7778
2014,9401,154,119581,360,7.8616,42.7778
2014,9501,153,119581,360,7.9452,42.5000
2014,9601,153,119581,360,8.0289,42.5000
2014,9701,152,119581,360,8.1125,42.2222
2014,9801,152,119581,360,8.1961,42.2222
2014,9901,152,119581,360,8.2797,42.2222
2014,10001,151,119581,360,8.3634,41.9444
2014,10101,151,119581,360,8.4470,41.9444
2014,10201,151,119581,360,8.5306,41.9444
2014,10301,150,119581,360,8.6142,41.6667
2014,10401,150,119581,360,8.6979,41.6667
2014,10501,150,119581,360,8.7815,41.6667
2014,10601,149,119581,360,8.8651,41.3889
2014,10701,149,119581,360,8.9487,41.3889
2014,10801,148,119581,360,9.0324,41.1111
2014,10900,148,119581,360,9.1152,41.1111
2014,11001,148,119581,360,9.1996,41.1111
2014,11101,147,119581,360,9.2832,40.8333
2014,11201,147,119581,360,9.3669,40.8333
2014,11301,147,119581,360,9.4505,40.8333
2014,11401,146,119581,360,9.5341,40.5556
2014,11501,146,119581,360,9.6177,40.5556
2014,11601,146,119581,360,9.7014,40.5556
2014,11701,145,119581,360,9.7850,40.2778
2014,11801,145,119581,360,9.8686,40.2778
2014,11901,145,119581,360,9.9522,40.2778
2014,12001,144,119581,360,10.0359,40.0000
2014,12101,144,119581,360,10.1195,40.0000
2014,12201,144,119581,360,10.2031,40.0000
2014,12301,143,119581,360,10.2868,39.7222
2014,12401,143,119581,360,10.3704,39.7222
2014,12501,143,119581,360,10.4540,39.7222
2014,12601,142,119581,360,10.5376,39.4444
2014,12701,142,119581,360,10.6213,39.4444
2014,12801,142,119581,360,10.7049,39.4444
2014,12901,142,119581,360,10.7885,39.4444
2014,13001,141,119581,360,10.8721,39.1667
2014,13101,141,119581,360,10.9558,39.1667
2014,13200,141,119581,360,11.0385,39.1667
2014,13301,140,119581,360,11.1230,38.8889
2014,13401,140,119581,360,11.2066,38.8889
2014,13501,140,119581,360,11.2903,38.8889
2014,13601,140,119581,360,11.3739,38.8889
2014,13701,139,119581,360,11.4575,38.6111
2014,13801,139,119581,360,11.5411,38.6111
2014,13901,139,119581,360,11.6248,38.6111
2014,14001,138,119581,360,11.7084,38.3333
2014,14100,138,119581,360,11.7912,38.3333
2014,14201,138,119581,360,11.8756,38.3333
2014,14301,138,119581,360,11.9593,38.3333
2014,14401,137,119581,360,12.0429,38.0556
2014,14501,137,119581,360,12.1265,38.0556
2014,14601,137,119581,360,12.2101,38.0556
2014,14701,137,119581,360,12.2938,38.0556
2014,14801,136,119581,360,12.3774,37.7778
2014,14901,136,119581,360,12.4610,37.7778
2014,15001,136,119581,360,12.5446,37.7778
2014,15100,136,119581,360,12.6274,37.7778
2014,15201,135,119581,360,12.7119,37.5000
2014,15301,135,119581,360,12.7955,37.5000
2014,15400,135,119581,360,12.8783,37.5000
2014,15501,135,119581,360,12.9628,37.5000
2014,15601,134,119581,360,13.0464,37.2222
2014,15701,134,119581,360,13.1300,37.2222
2014,15801,134,119581,360,13.2136,37.2222
2014,15901,134,119581,360,13.2973,37.2222
2014,16001,133,119581,360,13.3809,36.9444
2014,16101,133,119581,360,13.4645,36.9444
2014,16201,133,119581,360,13.5481,36.9444
2014,16301,133,119581,360,13.6318,36.9444
2014,16401,132,119581,360,13.7154,36.6667
2014,16501,132,119581,360,13.7990,36.6667
2014,16601,132,119581,360,13.8826,36.6667
2014,16700,132,119581,360,13.9654,36.6667
2014,16801,131,119581,360,14.0499,36.3889
2014,16901,131,119581,360,14.1335,36.3889
2014,17001,131,119581,360,14.2171,36.3889
2014,17101,131,119581,360,14.3008,36.3889
2014,17201,131,119581,360,14.3844,36.3889
2014,17301,130,119581,360,14.4680,36.1111
2014,17401,130,119581,360,14.5516,36.1111
2014,17500,130,119581,360,14.6344,36.1111
2014,17601,130,119581,360,14.7189,36.1111
2014,17700,129,119581,360,14.8017,35.8333
2014,17801,129,119581,360,14.8861,35.8333
2014,17901,129,119581,360,14.9698,35.8333
2014,18001,129,119581,360,15.0534,35.8333
2014,18101,128,119581,360,15.1370,35.5556
2014,18201,128,119581,360,15.2206,35.5556
2014,18301,128,119581,360,15.3043,35.5556
2014,18401,128,119581,360,15.3879,35.5556
2014,18501,128,119581,360,15.4715,35.5556
2014,18601,127,119581,360,15.5551,35.2778
2014,18701,127,119581,360,15.6388,35.2778
2014,18800,127,119581,360,15.7216,35.2778
2014,18900,127,119581,360,15.8052,35.2778
2014,19001,126,119581,360,15.8896,35.0000
2014,19100,126,119581,360,15.9724,35.0000
2014,19201,126,119581,360,16.0569,35.0000
2014,19301,126,119581,360,16.1405,35.0000
2014,19401,126,119581,360,16.2241,35.0000
2014,19416,126,119581,360,16.2367,35.0000
2013,1,332,115971,360,0.0009,92.2222
2013,101,276,115971,360,0.0871,76.6667
2013,201,261,115971,360,0.1733,72.5000
2013,301,253,115971,360,0.2595,70.2778
2013,401,245,115971,360,0.3458,68.0556
2013,501,239,115971,360,0.4320,66.3889
2013,601,235,115971,360,0.5182,65.2778
2013,701,231,115971,360,0.6045,64.1667
2013,801,227,115971,360,0.6907,63.0556
2013,901,223,115971,360,0.7769,61.9444
2013,1001,221,115971,360,0.8631,61.3889
2013,1101,219,115971,360,0.9494,60.8333
2013,1201,216,115971,360,1.0356,60.0000
2013,1301,213,115971,360,1.1218,59.1667
2013,1401,211,115971,360,1.2081,58.6111
2013,1501,209,115971,360,1.2943,58.0556
2013,1601,207,115971,360,1.3805,57.5000
2013,1701,205,115971,360,1.4667,56.9444
2013,1801,204,115971,360,1.5530,56.6667
2013,1901,202,115971,360,1.6392,56.1111
2013,2001,200,115971,360,1.7254,55.5556
2013,2101,198,115971,360,1.8117,55.0000
2013,2201,197,115971,360,1.8979,54.7222
2013,2301,195,115971,360,1.9841,54.1667
2013,2401,194,115971,360,2.0703,53.8889
2013,2501,192,115971,360,2.1566,53.3333
2013,2701,190,115971,360,2.3290,52.7778
2013,2801,189,115971,360,2.4153,52.5000
2013,2901,188,115971,360,2.5015,52.2222
2013,3001,187,115971,360,2.5877,51.9444
2013,3101,186,115971,360,2.6739,51.6667
2013,3201,185,115971,360,2.7602,51.3889
2013,3301,184,115971,360,2.8464,51.1111
2013,3401,183,115971,360,2.9326,50.8333
2013,3501,182,115971,360,3.0189,50.5556
2013,3601,181,115971,360,3.1051,50.2778
2013,3701,180,115971,360,3.1913,50.0000
2013,3901,178,115971,360,3.3638,49.4444
2013,4001,177,115971,360,3.4500,49.1667
2013,4101,177,115971,360,3.5362,49.1667
2013,4201,176,115971,360,3.6225,48.8889
2013,4301,175,115971,360,3.7087,48.6111
2013,4401,174,115971,360,3.7949,48.3333
2013,4501,173,115971,360,3.8811,48.0556
2013,4601,173,115971,360,3.9674,48.0556
2013,4701,172,115971,360,4.0536,47.7778
2013,4801,171,115971,360,4.1398,47.5000
2013,4901,170,115971,360,4.2261,47.2222
2013,5001,170,115971,360,4.3123,47.2222
2013,5101,169,115971,360,4.3985,46.9444
2013,5401,167,115971,360,4.6572,46.3889
2013,5501,167,115971,360,4.7434,46.3889
2013,5601,166,115971,360,4.8297,46.1111
2013,5701,165,115971,360,4.9159,45.8333
2013,5801,165,115971,360,5.0021,45.8333
2013,5901,164,115971,360,5.0883,45.5556
2013,6001,164,115971,360,5.1746,45.5556
2013,6101,163,115971,360,5.2608,45.2778
2013,6201,162,115971,360,5.3470,45.0000
2013,6301,162,115971,360,5.4333,45.0000
2013,6401,161,115971,360,5.5195,44.7222
2013,6501,161,115971,360,5.6057,44.7222
2013,6601,160,115971,360,5.6919,44.4444
2013,6701,160,115971,360,5.7782,44.4444
2013,6801,159,115971,360,5.8644,44.1667
2013,6901,158,115971,360,5.9506,43.8889
2013,7001,158,115971,360,6.0369,43.8889
2013,7101,157,115971,360,6.1231,43.6111
2013,7201,157,115971,360,6.2093,43.6111
2013,7301,156,115971,360,6.2955,43.3333
2013,7401,156,115971,360,6.3818,43.3333
2013,7501,155,115971,360,6.4680,43.0556
2013,7601,155,115971,360,6.5542,43.0556
2013,7701,154,115971,360,6.6405,42.7778
2013,7801,154,115971,360,6.7267,42.7778
2013,7901,153,115971,360,6.8129,42.5000
2013,8001,153,115971,360,6.8991,42.5000
2013,8101,152,115971,360,6.9854,42.2222
2013,8201,152,115971,360,7.0716,42.2222
2013,8501,151,115971,360,7.3303,41.9444
2013,8601,150,115971,360,7.4165,41.6667
2013,8701,150,115971,360,7.5027,41.6667
2013,8801,149,115971,360,7.5890,41.3889
2013,8901,149,115971,360,7.6752,41.3889
2013,9001,148,115971,360,7.7614,41.1111
2013,9101,148,115971,360,7.8477,41.1111
2013,9201,147,115971,360,7.9339,40.8333
2013,9301,147,115971,360,8.0201,40.8333
2013,9401,146,115971,360,8.1063,40.5556
2013,9601,146,115971,360,8.2788,40.5556
2013,9701,145,115971,360,8.3650,40.2778
2013,9901,144,115971,360,8.5375,40.0000
2013,10001,144,115971,360,8.6237,40.0000
2013,10001,144,115971,360,8.6237,40.0000
2013,10101,144,115971,360,8.7099,40.0000
2013,10201,143,115971,360,8.7962,39.7222
2013,10301,143,115971,360,8.8824,39.7222
2013,10501,142,115971,360,9.0548,39.4444
2013,10701,142,115971,360,9.2273,39.4444
2013,10901,141,115971,360,9.3998,39.1667
2013,11001,140,115971,360,9.4860,38.8889
2013,11201,140,115971,360,9.6584,38.8889
2013,11301,139,115971,360,9.7447,38.6111
2013,11501,139,115971,360,9.9171,38.6111
2013,11601,138,115971,360,10.0034,38.3333
2013,11701,138,115971,360,10.0896,38.3333
2013,11801,138,115971,360,10.1758,38.3333
2013,12001,137,115971,360,10.3483,38.0556
2013,12001,137,115971,360,10.3483,38.0556
2013,12001,137,115971,360,10.3483,38.0556
2013,12001,137,115971,360,10.3483,38.0556
2013,12101,137,115971,360,10.4345,38.0556
2013,12201,136,115971,360,10.5207,37.7778
2013,12301,136,115971,360,10.6070,37.7778
2013,12401,136,115971,360,10.6932,37.7778
2013,12501,135,115971,360,10.7794,37.5000
2013,12601,135,115971,360,10.8656,37.5000
2013,12701,135,115971,360,10.9519,37.5000
2013,12701,135,115971,360,10.9519,37.5000
2013,12801,134,115971,360,11.0381,37.2222
2013,12901,134,115971,360,11.1243,37.2222
2013,12901,134,115971,360,11.1243,37.2222
2013,13001,134,115971,360,11.2106,37.2222
2013,13301,133,115971,360,11.4692,36.9444
2013,13401,133,115971,360,11.5555,36.9444
2013,13501,132,115971,360,11.6417,36.6667
2013,13701,132,115971,360,11.8142,36.6667
2013,13801,132,115971,360,11.9004,36.6667
2013,13901,131,115971,360,11.9866,36.3889
2013,14001,131,115971,360,12.0728,36.3889
2013,14201,130,115971,360,12.2453,36.1111
2013,14301,130,115971,360,12.3315,36.1111
2013,14301,130,115971,360,12.3315,36.1111
2013,14401,130,115971,360,12.4178,36.1111
2013,14501,130,115971,360,12.5040,36.1111
2013,14601,129,115971,360,12.5902,35.8333
2013,14701,129,115971,360,12.6764,35.8333
2013,14801,129,115971,360,12.7627,35.8333
2013,14901,128,115971,360,12.8489,35.5556
2013,15101,128,115971,360,13.0214,35.5556
2013,15201,128,115971,360,13.1076,35.5556
2013,15301,127,115971,360,13.1938,35.2778
2013,15401,127,115971,360,13.2800,35.2778
2013,15401,127,115971,360,13.2800,35.2778
2013,15501,127,115971,360,13.3663,35.2778
2013,15601,126,115971,360,13.4525,35.0000
2013,15801,126,115971,360,13.6250,35.0000
2013,15901,126,115971,360,13.7112,35.0000
2013,15947,126,115971,360,13.7509,35.0000
2016,1,320,147678,372,0.0007,86.0215
2016,101,246,147678,372,0.0684,66.1290
2016,201,230,147678,372,0.1361,61.8280
2016,301,219,147678,372,0.2038,58.8710
2016,401,211,147678,372,0.2715,56.7204
2016,501,204,147678,372,0.3393,54.8387
2016,601,199,147678,372,0.4070,53.4946
2016,701,194,147678,372,0.4747,52.1505
2016,801,190,147678,372,0.5424,51.0753
2016,901,187,147678,372,0.6101,50.2688
2016,1001,184,147678,372,0.6778,49.4624
2016,1101,180,147678,372,0.7455,48.3871
2016,1201,178,147678,372,0.8133,47.8495
2016,1301,175,147678,372,0.8810,47.0430
2016,1401,173,147678,372,0.9487,46.5054
2016,1501,171,147678,372,1.0164,45.9677
2016,1601,169,147678,372,1.0841,45.4301
2016,1701,167,147678,372,1.1518,44.8925
2016,1801,166,147678,372,1.2195,44.6237
2016,1901,164,147678,372,1.2873,44.0860
2016,2001,162,147678,372,1.3550,43.5484
2016,2101,161,147678,372,1.4227,43.2796
2016,2101,161,147678,372,1.4227,43.2796
2016,2201,160,147678,372,1.4904,43.0108
2016,2301,158,147678,372,1.5581,42.4731
2016,2401,157,147678,372,1.6258,42.2043
2016,2501,155,147678,372,1.6935,41.6667
2016,2601,154,147678,372,1.7613,41.3978
2016,2701,153,147678,372,1.8290,41.1290
2016,2701,153,147678,372,1.8290,41.1290
2016,2801,152,147678,372,1.8967,40.8602
2016,2901,151,147678,372,1.9644,40.5914
2016,3001,150,147678,372,2.0321,40.3226
2016,3101,149,147678,372,2.0998,40.0538
2016,3201,148,147678,372,2.1676,39.7849
2016,3301,147,147678,372,2.2353,39.5161
2016,3401,146,147678,372,2.3030,39.2473
2016,3501,145,147678,372,2.3707,38.9785
2016,3601,144,147678,372,2.4384,38.7097
2016,3701,144,147678,372,2.5061,38.7097
2016,3801,143,147678,372,2.5738,38.4409
2016,3901,142,147678,372,2.6416,38.1720
2016,4001,141,147678,372,2.7093,37.9032
2016,4101,141,147678,372,2.7770,37.9032
2016,4201,140,147678,372,2.8447,37.6344
2016,4301,139,147678,372,2.9124,37.3656
2016,4401,139,147678,372,2.9801,37.3656
2016,4501,138,147678,372,3.0478,37.0968
2016,4601,137,147678,372,3.1156,36.8280
2016,4701,136,147678,372,3.1833,36.5591
2016,4801,136,147678,372,3.2510,36.5591
2016,4901,135,147678,372,3.3187,36.2903
2016,5001,134,147678,372,3.3864,36.0215
2016,5101,134,147678,372,3.4541,36.0215
2016,5201,133,147678,372,3.5219,35.7527
2016,5301,133,147678,372,3.5896,35.7527
2016,5401,132,147678,372,3.6573,35.4839
2016,5501,131,147678,372,3.7250,35.2151
2016,5601,131,147678,372,3.7927,35.2151
2016,5601,131,147678,372,3.7927,35.2151
2016,5701,130,147678,372,3.8604,34.9462
2016,5801,130,147678,372,3.9281,34.9462
2016,5901,129,147678,372,3.9959,34.6774
2016,5901,129,147678,372,3.9959,34.6774
2016,6001,129,147678,372,4.0636,34.6774
2016,6101,128,147678,372,4.1313,34.4086
2016,6201,128,147678,372,4.1990,34.4086
2016,6301,127,147678,372,4.2667,34.1398
2016,6301,127,147678,372,4.2667,34.1398
2016,6401,127,147678,372,4.3344,34.1398
2016,6501,126,147678,372,4.4021,33.8710
2016,6501,126,147678,372,4.4021,33.8710
2016,6601,126,147678,372,4.4699,33.8710
2016,6801,125,147678,372,4.6053,33.6022
2016,6901,124,147678,372,4.6730,33.3333
2016,7001,124,147678,372,4.7407,33.3333
2016,7101,123,147678,372,4.8084,33.0645
2016,7201,123,147678,372,4.8761,33.0645
2016,7301,122,147678,372,4.9439,32.7957
2016,7501,121,147678,372,5.0793,32.5269
2016,7601,121,147678,372,5.1470,32.5269
2016,7701,120,147678,372,5.2147,32.2581
2016,7801,120,147678,372,5.2824,32.2581
2016,7901,120,147678,372,5.3502,32.2581
2016,8001,119,147678,372,5.4179,31.9892
2016,8001,119,147678,372,5.4179,31.9892
2016,8101,119,147678,372,5.4856,31.9892
2016,8101,119,147678,372,5.4856,31.9892
2016,8201,118,147678,372,5.5533,31.7204
2016,8301,118,147678,372,5.6210,31.7204
2016,8301,118,147678,372,5.6210,31.7204
2016,8401,117,147678,372,5.6887,31.4516
2016,8501,117,147678,372,5.7564,31.4516
2016,8601,117,147678,372,5.8242,31.4516
2016,8701,116,147678,372,5.8919,31.1828
2016,8801,116,147678,372,5.9596,31.1828
2016,8901,115,147678,372,6.0273,30.9140
2016,9001,115,147678,372,6.0950,30.9140
2016,9301,114,147678,372,6.2982,30.6452
2016,9401,114,147678,372,6.3659,30.6452
2016,9501,113,147678,372,6.4336,30.3763
2016,9601,113,147678,372,6.5013,30.3763
2016,9701,113,147678,372,6.5690,30.3763
2016,9801,112,147678,372,6.6367,30.1075
2016,10001,111,147678,372,6.7722,29.8387
2016,10101,111,147678,372,6.8399,29.8387
2016,10201,111,147678,372,6.9076,29.8387
2016,10301,110,147678,372,6.9753,29.5699
2016,10501,110,147678,372,7.1107,29.5699
2016,10601,109,147678,372,7.1785,29.3011
2016,10701,109,147678,372,7.2462,29.3011
2016,10801,109,147678,372,7.3139,29.3011
2016,10901,108,147678,372,7.3816,29.0323
2016,11001,108,147678,372,7.4493,29.0323
2016,11101,108,147678,372,7.5170,29.0323
2016,11101,108,147678,372,7.5170,29.0323
2016,11201,107,147678,372,7.5847,28.7634
2016,11301,107,147678,372,7.6525,28.7634
2016,11501,107,147678,372,7.7879,28.7634
2016,11601,106,147678,372,7.8556,28.4946
2016,11701,106,147678,372,7.9233,28.4946
2016,11801,106,147678,372,7.9910,28.4946
2016,11901,105,147678,372,8.0587,28.2258
2016,12001,105,147678,372,8.1265,28.2258
2016,12001,105,147678,372,8.1265,28.2258
2016,12101,105,147678,372,8.1942,28.2258
2016,12201,104,147678,372,8.2619,27.9570
2016,12401,104,147678,372,8.3973,27.9570
2016,12501,104,147678,372,8.4650,27.9570
2016,12801,103,147678,372,8.6682,27.6882
2016,12801,103,147678,372,8.6682,27.6882
2016,12901,102,147678,372,8.7359,27.4194
2016,13001,102,147678,372,8.8036,27.4194
2016,13101,102,147678,372,8.8713,27.4194
2016,13301,101,147678,372,9.0068,27.1505
2016,13401,101,147678,372,9.0745,27.1505
2016,13501,101,147678,372,9.1422,27.1505
2016,13501,101,147678,372,9.1422,27.1505
2016,13601,101,147678,372,9.2099,27.1505
2016,13701,100,147678,372,9.2776,26.8817
2016,13801,100,147678,372,9.3453,26.8817
2016,14001,99,147678,372,9.4808,26.6129
2016,14301,99,147678,372,9.6839,26.6129
2016,14401,98,147678,372,9.7516,26.3441
2016,14501,98,147678,372,9.8193,26.3441
2016,14501,98,147678,372,9.8193,26.3441
2016,14601,98,147678,372,9.8871,26.3441
2016,14701,98,147678,372,9.9548,26.3441
2016,14801,97,147678,372,10.0225,26.0753
2016,14901,97,147678,372,10.0902,26.0753
2016,14901,97,147678,372,10.0902,26.0753
2016,15101,97,147678,372,10.2256,26.0753
2016,15101,97,147678,372,10.2256,26.0753
2016,15201,96,147678,372,10.2933,25.8065
2016,15301,96,147678,372,10.3611,25.8065
2016,15401,96,147678,372,10.4288,25.8065
2016,15501,96,147678,372,10.4965,25.8065
2016,15501,96,147678,372,10.4965,25.8065
2016,15601,95,147678,372,10.5642,25.5376
2016,15701,95,147678,372,10.6319,25.5376
2016,15701,95,147678,372,10.6319,25.5376
2016,15801,95,147678,372,10.6996,25.5376
2016,15901,95,147678,372,10.7673,25.5376
2016,16101,94,147678,372,10.9028,25.2688
2016,16201,94,147678,372,10.9705,25.2688
2016,16201,94,147678,372,10.9705,25.2688
2016,16401,93,147678,372,11.1059,25.0000
2016,16401,93,147678,372,11.1059,25.0000
2016,16501,93,147678,372,11.1736,25.0000
2016,16501,93,147678,372,11.1736,25.0000
2016,16601,93,147678,372,11.2413,25.0000
2016,16801,92,147678,372,11.3768,24.7312
2016,16901,92,147678,372,11.4445,24.7312
2016,17001,92,147678,372,11.5122,24.7312
2016,17201,92,147678,372,11.6476,24.7312
2016,17301,91,147678,372,11.7154,24.4624
2016,17601,91,147678,372,11.9185,24.4624
2016,17701,90,147678,372,11.9862,24.1935
2016,17801,90,147678,372,12.0539,24.1935
2016,17901,90,147678,372,12.1216,24.1935
2016,18001,90,147678,372,12.1894,24.1935
2016,18101,90,147678,372,12.2571,24.1935
2016,18201,89,147678,372,12.3248,23.9247
2016,18301,89,147678,372,12.3925,23.9247
2016,18301,89,147678,372,12.3925,23.9247
2016,18501,89,147678,372,12.5279,23.9247
2016,18601,88,147678,372,12.5956,23.6559
2016,18701,88,147678,372,12.6634,23.6559
2016,18801,88,147678,372,12.7311,23.6559
2016,18801,88,147678,372,12.7311,23.6559
2016,18901,88,147678,372,12.7988,23.6559
2016,19001,88,147678,372,12.8665,23.6559
2016,19001,88,147678,372,12.8665,23.6559
2016,19101,87,147678,372,12.9342,23.3871
2016,19201,87,147678,372,13.0019,23.3871
2016,19401,87,147678,372,13.1374,23.3871
2016,19501,86,147678,372,13.2051,23.1183
2016,19601,86,147678,372,13.2728,23.1183
2016,19701,86,147678,372,13.3405,23.1183
2016,19701,86,147678,372,13.3405,23.1183
2016,19701,86,147678,372,13.3405,23.1183
2016,19901,86,147678,372,13.4759,23.1183
2016,20001,86,147678,372,13.5437,23.1183
2016,20001,86,147678,372,13.5437,23.1183
2016,20001,86,147678,372,13.5437,23.1183
2016,20101,85,147678,372,13.6114,22.8495
2016,20101,85,147678,372,13.6114,22.8495
2016,20101,85,147678,372,13.6114,22.8495
2016,20301,85,147678,372,13.7468,22.8495
2016,20301,85,147678,372,13.7468,22.8495
2016,20301,85,147678,372,13.7468,22.8495
2016,20401,85,147678,372,13.8145,22.8495
2016,20401,85,147678,372,13.8145,22.8495
2016,20501,85,147678,372,13.8822,22.8495
2016,20601,84,147678,372,13.9499,22.5806
2016,20601,84,147678,372,13.9499,22.5806
2016,20701,84,147678,372,14.0177,22.5806
2016,21001,84,147678,372,14.2208,22.5806
2016,21101,83,147678,372,14.2885,22.3118
2016,21201,83,147678,372,14.3562,22.3118
2016,21201,83,147678,372,14.3562,22.3118
2016,21301,83,147678,372,14.4239,22.3118
2016,21401,83,147678,372,14.4917,22.3118
2016,21501,82,147678,372,14.5594,22.0430
2016,21701,82,147678,372,14.6948,22.0430
2016,21701,82,147678,372,14.6948,22.0430
2016,21801,82,147678,372,14.7625,22.0430
2016,21901,82,147678,372,14.8302,22.0430
2016,21901,82,147678,372,14.8302,22.0430
2016,21901,82,147678,372,14.8302,22.0430
2016,22001,82,147678,372,14.8980,22.0430
2016,22101,81,147678,372,14.9657,21.7742
2016,22401,81,147678,372,15.1688,21.7742
2016,22601,81,147678,372,15.3042,21.7742
2016,22601,81,147678,372,15.3042,21.7742
2016,22701,80,147678,372,15.3720,21.5054
2016,23001,80,147678,372,15.5751,21.5054
2016,23101,80,147678,372,15.6428,21.5054
2016,23201,79,147678,372,15.7105,21.2366
2016,23401,79,147678,372,15.8460,21.2366
2016,23401,79,147678,372,15.8460,21.2366
2016,23401,79,147678,372,15.8460,21.2366
2016,23701,78,147678,372,16.0491,20.9677
2016,23901,78,147678,372,16.1845,20.9677
2016,23901,78,147678,372,16.1845,20.9677
2016,24001,78,147678,372,16.2523,20.9677
2016,24001,78,147678,372,16.2523,20.9677
2016,24101,78,147678,372,16.3200,20.9677
2016,24101,78,147678,372,16.3200,20.9677
2016,24101,78,147678,372,16.3200,20.9677
2016,24301,77,147678,372,16.4554,20.6989
2016,24401,77,147678,372,16.5231,20.6989
2016,24601,77,147678,372,16.6585,20.6989
2016,24701,77,147678,372,16.7263,20.6989
2016,24701,77,147678,372,16.7263,20.6989
2016,24801,77,147678,372,16.7940,20.6989
2016,24901,76,147678,372,16.8617,20.4301
2016,24901,76,147678,372,16.8617,20.4301
2016,25101,76,147678,372,16.9971,20.4301
2016,25101,76,147678,372,16.9971,20.4301
2016,25101,76,147678,372,16.9971,20.4301
2016,25101,76,147678,372,16.9971,20.4301
2016,25101,76,147678,372,16.9971,20.4301
2016,25201,76,147678,372,17.0648,20.4301
2016,25201,76,147678,372,17.0648,20.4301
2016,25201,76,147678,372,17.0648,20.4301
2016,25201,76,147678,372,17.0648,20.4301
2016,25301,76,147678,372,17.1325,20.4301
2016,25301,76,147678,372,17.1325,20.4301
2016,25301,76,147678,372,17.1325,20.4301
2016,25401,75,147678,372,17.2003,20.1613
2016,25501,75,147678,372,17.2680,20.1613
2016,25601,75,147678,372,17.3357,20.1613
2016,25601,75,147678,372,17.3357,20.1613
2016,25701,75,147678,372,17.4034,20.1613
2016,25801,75,147678,372,17.4711,20.1613
2016,25901,75,147678,372,17.5388,20.1613
2016,25939,75,147678,372,17.5646,20.1613
2017,1,339,159540,366,0.0006,92.6230
2017,101,305,159540,366,0.0633,83.3333
2017,201,295,159540,366,0.1260,80.6011
2017,301,289,159540,366,0.1887,78.9617
2017,401,284,159540,366,0.2513,77.5956
2017,501,279,159540,366,0.3140,76.2295
2017,601,276,159540,366,0.3767,75.4098
2017,701,272,159540,366,0.4394,74.3169
2017,801,269,159540,366,0.5021,73.4973
2017,901,266,159540,366,0.5647,72.6776
2017,1001,264,159540,366,0.6274,72.1311
2017,1101,261,159540,366,0.6901,71.3115
2017,1201,258,159540,366,0.7528,70.4918
2017,1301,257,159540,366,0.8155,70.2186
2017,1401,254,159540,366,0.8781,69.3989
2017,1501,253,159540,366,0.9408,69.1257
2017,1601,251,159540,366,1.0035,68.5792
2017,1701,249,159540,366,1.0662,68.0328
2017,1801,247,159540,366,1.1289,67.4863
2017,1901,246,159540,366,1.1916,67.2131
2017,2001,244,159540,366,1.2542,66.6667
2017,2101,243,159540,366,1.3169,66.3934
2017,2201,241,159540,366,1.3796,65.8470
2017,2301,240,159540,366,1.4423,65.5738
2017,2401,238,159540,366,1.5050,65.0273
2017,2501,237,159540,366,1.5676,64.7541
2017,2601,236,159540,366,1.6303,64.4809
2017,2701,234,159540,366,1.6930,63.9344
2017,2801,233,159540,366,1.7557,63.6612
2017,2901,232,159540,366,1.8184,63.3880
2017,3001,231,159540,366,1.8810,63.1148
2017,3101,229,159540,366,1.9437,62.5683
2017,3201,228,159540,366,2.0064,62.2951
2017,3301,227,159540,366,2.0691,62.0219
2017,3401,226,159540,366,2.1318,61.7486
2017,3501,225,159540,366,2.1944,61.4754
2017,3601,224,159540,366,2.2571,61.2022
2017,3701,223,159540,366,2.3198,60.9290
2017,3801,221,159540,366,2.3825,60.3825
2017,3901,220,159540,366,2.4452,60.1093
2017,4001,219,159540,366,2.5078,59.8361
2017,4101,218,159540,366,2.5705,59.5628
2017,4201,217,159540,366,2.6332,59.2896
2017,4301,217,159540,366,2.6959,59.2896
2017,4401,216,159540,366,2.7586,59.0164
2017,4501,215,159540,366,2.8212,58.7432
2017,4601,214,159540,366,2.8839,58.4699
2017,4701,213,159540,366,2.9466,58.1967
2017,4801,213,159540,366,3.0093,58.1967
2017,4901,212,159540,366,3.0720,57.9235
2017,5001,211,159540,366,3.1346,57.6503
2017,5101,210,159540,366,3.1973,57.3770
2017,5101,210,159540,366,3.1973,57.3770
2017,5201,209,159540,366,3.2600,57.1038
2017,5301,208,159540,366,3.3227,56.8306
2017,5401,208,159540,366,3.3854,56.8306
2017,5501,207,159540,366,3.4480,56.5574
2017,5601,206,159540,366,3.5107,56.2842
2017,5701,206,159540,366,3.5734,56.2842
2017,5801,205,159540,366,3.6361,56.0109
2017,6001,204,159540,366,3.7614,55.7377
2017,6201,202,159540,366,3.8868,55.1913
2017,6301,202,159540,366,3.9495,55.1913
2017,6401,201,159540,366,4.0122,54.9180
2017,6501,200,159540,366,4.0748,54.6448
2017,6501,200,159540,366,4.0748,54.6448
2017,6601,200,159540,366,4.1375,54.6448
2017,6701,199,159540,366,4.2002,54.3716
2017,6801,198,159540,366,4.2629,54.0984
2017,6901,198,159540,366,4.3256,54.0984
2017,7001,197,159540,366,4.3882,53.8251
2017,7101,197,159540,366,4.4509,53.8251
2017,7201,196,159540,366,4.5136,53.5519
2017,7501,194,159540,366,4.7016,53.0055
2017,7601,194,159540,366,4.7643,53.0055
2017,7701,193,159540,366,4.8270,52.7322
2017,7801,193,159540,366,4.8897,52.7322
2017,8001,191,159540,366,5.0150,52.1858
2017,8101,191,159540,366,5.0777,52.1858
2017,8201,190,159540,366,5.1404,51.9126
2017,8301,190,159540,366,5.2031,51.9126
2017,8401,189,159540,366,5.2658,51.6393
2017,8501,189,159540,366,5.3284,51.6393
2017,8601,188,159540,366,5.3911,51.3661
2017,8701,188,159540,366,5.4538,51.3661
2017,8801,187,159540,366,5.5165,51.0929
2017,8901,187,159540,366,5.5792,51.0929
2017,9001,186,159540,366,5.6418,50.8197
2017,9101,186,159540,366,5.7045,50.8197
2017,9201,185,159540,366,5.7672,50.5464
2017,9401,184,159540,366,5.8926,50.2732
2017,9501,184,159540,366,5.9552,50.2732
2017,9601,184,159540,366,6.0179,50.2732
2017,9701,183,159540,366,6.0806,50.0000
2017,9801,183,159540,366,6.1433,50.0000
2017,9901,182,159540,366,6.2060,49.7268
2017,10001,182,159540,366,6.2686,49.7268
2017,10101,181,159540,366,6.3313,49.4536
2017,10201,181,159540,366,6.3940,49.4536
2017,10301,181,159540,366,6.4567,49.4536
2017,10401,180,159540,366,6.5194,49.1803
2017,10501,180,159540,366,6.5820,49.1803
2017,10601,179,159540,366,6.6447,48.9071
2017,10701,179,159540,366,6.7074,48.9071
2017,10801,178,159540,366,6.7701,48.6339
2017,10901,178,159540,366,6.8328,48.6339
2017,11001,177,159540,366,6.8954,48.3607
2017,11201,177,159540,366,7.0208,48.3607
2017,11301,176,159540,366,7.0835,48.0874
2017,11501,175,159540,366,7.2089,47.8142
2017,11801,174,159540,366,7.3969,47.5410
2017,11901,174,159540,366,7.4596,47.5410
2017,12001,174,159540,366,7.5223,47.5410
2017,12101,173,159540,366,7.5849,47.2678
2017,12201,173,159540,366,7.6476,47.2678
2017,12301,172,159540,366,7.7103,46.9945
2017,12501,172,159540,366,7.8357,46.9945
2017,12601,171,159540,366,7.8983,46.7213
2017,12701,171,159540,366,7.9610,46.7213
2017,12801,171,159540,366,8.0237,46.7213
2017,12901,170,159540,366,8.0864,46.4481
2017,13001,170,159540,366,8.1491,46.4481
2017,13101,170,159540,366,8.2117,46.4481
2017,13201,169,159540,366,8.2744,46.1749
2017,13301,169,159540,366,8.3371,46.1749
2017,13401,169,159540,366,8.3998,46.1749
2017,13401,169,159540,366,8.3998,46.1749
2017,13501,168,159540,366,8.4625,45.9016
2017,13601,168,159540,366,8.5251,45.9016
2017,13701,167,159540,366,8.5878,45.6284
2017,13801,167,159540,366,8.6505,45.6284
2017,13901,167,159540,366,8.7132,45.6284
2017,14001,166,159540,366,8.7759,45.3552
2017,14101,166,159540,366,8.8385,45.3552
2017,14201,166,159540,366,8.9012,45.3552
2017,14301,165,159540,366,8.9639,45.0820
2017,14501,165,159540,366,9.0893,45.0820
2017,14601,164,159540,366,9.1519,44.8087
2017,14701,164,159540,366,9.2146,44.8087
2017,14801,164,159540,366,9.2773,44.8087
2017,14901,163,159540,366,9.3400,44.5355
2017,15001,163,159540,366,9.4027,44.5355
2017,15201,163,159540,366,9.5280,44.5355
2017,15301,162,159540,366,9.5907,44.2623
2017,15401,162,159540,366,9.6534,44.2623
2017,15501,162,159540,366,9.7161,44.2623
2017,15601,161,159540,366,9.7787,43.9891
2017,15701,161,159540,366,9.8414,43.9891
2017,15801,161,159540,366,9.9041,43.9891
2017,15901,160,159540,366,9.9668,43.7158
2017,15901,160,159540,366,9.9668,43.7158
2017,16001,160,159540,366,10.0295,43.7158
2017,16101,160,159540,366,10.0921,43.7158
2017,16101,160,159540,366,10.0921,43.7158
2017,16101,160,159540,366,10.0921,43.7158
2017,16201,159,159540,366,10.1548,43.4426
2017,16301,159,159540,366,10.2175,43.4426
2017,16501,159,159540,366,10.3429,43.4426
2017,16601,158,159540,366,10.4055,43.1694
2017,16801,158,159540,366,10.5309,43.1694
2017,16901,157,159540,366,10.5936,42.8962
2017,17001,157,159540,366,10.6563,42.8962
2017,17001,157,159540,366,10.6563,42.8962
2017,17201,157,159540,366,10.7816,42.8962
2017,17301,156,159540,366,10.8443,42.6230
2017,17401,156,159540,366,10.9070,42.6230
2017,17401,156,159540,366,10.9070,42.6230
2017,17501,156,159540,366,10.9697,42.6230
2017,17601,155,159540,366,11.0323,42.3497
2017,17701,155,159540,366,11.0950,42.3497
2017,17801,155,159540,366,11.1577,42.3497
2017,17901,155,159540,366,11.2204,42.3497
2017,18001,154,159540,366,11.2831,42.0765
2017,18201,154,159540,366,11.4084,42.0765
2017,18301,154,159540,366,11.4711,42.0765
2017,18501,153,159540,366,11.5965,41.8033
2017,18601,153,159540,366,11.6591,41.8033
2017,18701,152,159540,366,11.7218,41.5301
2017,18901,152,159540,366,11.8472,41.5301
2017,19001,152,159540,366,11.9099,41.5301
2017,19101,151,159540,366,11.9725,41.2568
2017,19201,151,159540,366,12.0352,41.2568
2017,19301,151,159540,366,12.0979,41.2568
2017,19401,151,159540,366,12.1606,41.2568
2017,19501,150,159540,366,12.2233,40.9836
2017,19601,150,159540,366,12.2859,40.9836
2017,19701,150,159540,366,12.3486,40.9836
2017,19801,150,159540,366,12.4113,40.9836
2017,19901,149,159540,366,12.4740,40.7104
2017,20001,149,159540,366,12.5367,40.7104
2017,20001,149,159540,366,12.5367,40.7104
2017,20101,149,159540,366,12.5993,40.7104
2017,20201,149,159540,366,12.6620,40.7104
2017,20301,148,159540,366,12.7247,40.4372
2017,20301,148,159540,366,12.7247,40.4372
2017,20301,148,159540,366,12.7247,40.4372
2017,20401,148,159540,366,12.7874,40.4372
2017,20501,148,159540,366,12.8501,40.4372
2017,20601,148,159540,366,12.9127,40.4372
2017,20701,147,159540,366,12.9754,40.1639
2017,20801,147,159540,366,13.0381,40.1639
2017,20901,147,159540,366,13.1008,40.1639
2017,21101,147,159540,366,13.2262,40.1639
2017,21201,146,159540,366,13.2888,39.8907
2017,21501,146,159540,366,13.4769,39.8907
2017,21601,145,159540,366,13.5396,39.6175
2017,21801,145,159540,366,13.6649,39.6175
2017,21801,145,159540,366,13.6649,39.6175
2017,21901,145,159540,366,13.7276,39.6175
2017,22001,144,159540,366,13.7903,39.3443
2017,22101,144,159540,366,13.8530,39.3443
2017,22101,144,159540,366,13.8530,39.3443
2017,22301,144,159540,366,13.9783,39.3443
2017,22301,144,159540,366,13.9783,39.3443
2017,22401,144,159540,366,14.0410,39.3443
2017,22401,144,159540,366,14.0410,39.3443
2017,22501,143,159540,366,14.1037,39.0710
2017,22901,142,159540,366,14.3544,38.7978
2017,23101,142,159540,366,14.4798,38.7978
2017,23101,142,159540,366,14.4798,38.7978
2017,23201,142,159540,366,14.5424,38.7978
2017,23301,142,159540,366,14.6051,38.7978
2017,23401,141,159540,366,14.6678,38.5246
2017,23501,141,159540,366,14.7305,38.5246
2017,23601,141,159540,366,14.7932,38.5246
2017,23701,141,159540,366,14.8558,38.5246
2017,23801,141,159540,366,14.9185,38.5246
2017,23901,140,159540,366,14.9812,38.2514
2017,24001,140,159540,366,15.0439,38.2514
2017,24101,140,159540,366,15.1066,38.2514
2017,24201,140,159540,366,15.1692,38.2514
2017,24201,140,159540,366,15.1692,38.2514
2017,24301,139,159540,366,15.2319,37.9781
2017,24401,139,159540,366,15.2946,37.9781
2017,24501,139,159540,366,15.3573,37.9781
2017,24601,139,159540,366,15.4200,37.9781
2017,24801,138,159540,366,15.5453,37.7049
2017,24901,138,159540,366,15.6080,37.7049
2017,24901,138,159540,366,15.6080,37.7049
2017,25001,138,159540,366,15.6707,37.7049
2017,25101,138,159540,366,15.7334,37.7049
2017,25201,138,159540,366,15.7960,37.7049
2017,25301,137,159540,366,15.8587,37.4317
2017,25401,137,159540,366,15.9214,37.4317
2017,25501,137,159540,366,15.9841,37.4317
2017,25601,137,159540,366,16.0468,37.4317
2017,25601,137,159540,366,16.0468,37.4317
2017,25701,137,159540,366,16.1094,37.4317
2017,25801,136,159540,366,16.1721,37.1585
2017,25901,136,159540,366,16.2348,37.1585
2017,26001,136,159540,366,16.2975,37.1585
2017,26101,136,159540,366,16.3602,37.1585
2017,26101,136,159540,366,16.3602,37.1585
2017,26201,136,159540,366,16.4228,37.1585
2017,26301,135,159540,366,16.4855,36.8852
2017,26401,135,159540,366,16.5482,36.8852
2017,26401,135,159540,366,16.5482,36.8852
2017,26501,135,159540,366,16.6109,36.8852
2017,26601,135,159540,366,16.6736,36.8852
2017,26801,135,159540,366,16.7989,36.8852
2017,27101,134,159540,366,16.9870,36.6120
2017,27201,134,159540,366,17.0496,36.6120
2017,27301,134,159540,366,17.1123,36.6120
2017,27301,134,159540,366,17.1123,36.6120
2017,27401,133,159540,366,17.1750,36.3388
2017,27501,133,159540,366,17.2377,36.3388
2017,27501,133,159540,366,17.2377,36.3388
2017,27501,133,159540,366,17.2377,36.3388
2017,27501,133,159540,366,17.2377,36.3388
2017,27601,133,159540,366,17.3004,36.3388
2017,27701,133,159540,366,17.3630,36.3388
2017,27801,133,159540,366,17.4257,36.3388
2017,27901,132,159540,366,17.4884,36.0656
2017,28001,132,159540,366,17.5511,36.0656
2017,28101,132,159540,366,17.6138,36.0656
2017,28201,132,159540,366,17.6764,36.0656
2017,28301,132,159540,366,17.7391,36.0656
2017,28401,132,159540,366,17.8018,36.0656
2017,28501,131,159540,366,17.8645,35.7923
2017,28701,131,159540,366,17.9898,35.7923
2017,28801,131,159540,366,18.0525,35.7923
2017,28901,131,159540,366,18.1152,35.7923
2017,29001,130,159540,366,18.1779,35.5191
2017,29101,130,159540,366,18.2406,35.5191
2017,29201,130,159540,366,18.3032,35.5191
2017,29301,130,159540,366,18.3659,35.5191
2017,29401,130,159540,366,18.4286,35.5191
2017,29501,130,159540,366,18.4913,35.5191
2017,29501,130,159540,366,18.4913,35.5191
2017,29601,129,159540,366,18.5540,35.2459
2017,29701,129,159540,366,18.6166,35.2459
2017,29801,129,159540,366,18.6793,35.2459
2017,29801,129,159540,366,18.6793,35.2459
2017,29901,129,159540,366,18.7420,35.2459
2017,29901,129,159540,366,18.7420,35.2459
2017,29901,129,159540,366,18.7420,35.2459
2017,30001,129,159540,366,18.8047,35.2459
2017,30101,129,159540,366,18.8674,35.2459
2017,30201,128,159540,366,18.9300,34.9727
2017,30301,128,159540,366,18.9927,34.9727
2017,30301,128,159540,366,18.9927,34.9727
2017,30401,128,159540,366,19.0554,34.9727
2017,30501,128,159540,366,19.1181,34.9727
2017,30601,128,159540,366,19.1808,34.9727
2017,30701,128,159540,366,19.2434,34.9727
2017,30701,128,159540,366,19.2434,34.9727
2017,30763,128,159540,366,19.2823,34.9727
